ERR12319363.1.2456	15707	4413	3605	3740	3949	0	0	0	1428	0	0	rs
ERR12319363.1.29002	4045	751	1198	1150	946	0	0	0	526	0	0	rs
ERR12319363.1.30506	9443	2453	2252	2397	2341	0	0	0	792	0	0	rs
ERR12319363.1.39634	5212	1257	1281	1303	1371	0	0	0	584	0	0	rs
ERR12319363.1.42249	6660	1734	1629	1642	1655	0	0	0	696	0	0	rs
ERR12319363.1.59131	6780	1638	1616	1797	1729	0	0	0	684	0	0	rs
ERR12319363.1.59555	4063	681	1181	1192	1009	0	0	0	526	0	0	rs
ERR12319363.1.59949	3275	486	950	941	898	0	0	0	312	0	0	rs
ERR12319363.1.65906	4049	632	1178	1186	1053	0	0	0	536	0	0	rs
ERR12319363.1.74555	9559	2707	2188	2408	2256	0	0	0	888	0	0	rs
ERR12319363.1.75963	2583	550	676	778	579	0	0	0	286	0	0	rs
ERR12319363.1.105109	3317	596	950	964	807	0	0	0	398	0	0	rs
ERR12319363.1.109807	6278	1412	1593	1557	1716	0	0	0	682	0	0	rs
ERR12319363.1.110001	13688	2926	3691	3727	3344	0	0	0	1692	0	0	rs
ERR12319363.1.111519	16942	4481	4037	3930	4494	0	0	0	1756	0	0	rs
ERR12319363.1.119058	2863	585	833	805	640	0	0	0	290	0	0	rs
ERR12319363.1.121057	2358	290	715	626	727	0	0	0	238	0	0	rs
ERR12319363.1.127985	3293	433	949	945	966	0	0	0	376	0	0	rs
ERR12319363.1.128120	4030	691	1168	1132	1039	0	0	0	412	0	0	rs
ERR12319363.1.128143	8262	2117	2182	2199	1764	0	0	0	926	0	0	rs
ERR12319363.1.137689	7342	1756	1916	1869	1801	0	0	0	768	0	0	rs
ERR12319363.1.139922	11059	2610	2732	2675	3042	0	0	0	984	0	0	rs
ERR12319363.1.142210	2910	628	794	779	709	0	0	0	390	0	0	rs
ERR12319363.1.142841	6951	1478	1886	1846	1741	0	0	0	758	0	0	rs
ERR12319363.1.155236	5881	1249	1666	1628	1338	0	0	0	722	0	0	rs
ERR12319363.1.157440	5969	1407	1603	1470	1489	0	0	0	512	0	0	rs
ERR12319363.1.161758	6495	1693	1819	1632	1351	0	0	0	714	0	0	rs
ERR12319363.1.165640	3163	597	911	887	768	0	0	0	326	0	0	rs
ERR12319363.1.179963	3214	466	928	895	925	0	0	0	316	0	0	rs
ERR12319363.1.181316	5960	1326	1436	1685	1513	0	0	0	794	0	0	rs
ERR12319363.1.183641	8123	2213	2039	2077	1794	0	0	0	696	0	0	rs
ERR12319363.1.198242	4923	1188	1360	1492	883	0	0	0	576	0	0	rs
ERR12319363.1.200284	8267	2123	1942	2197	2005	0	0	0	696	0	0	rs
ERR12319363.1.207976	3110	860	881	903	466	0	0	0	282	0	0	rs
ERR12319363.1.215985	9987	2170	2551	2416	2850	0	0	0	920	0	0	rs
ERR12319363.1.232063	3499	594	919	991	995	0	0	0	344	0	0	rs
ERR12319363.1.247275	4928	930	1231	1329	1438	0	0	0	426	0	0	rs
ERR12319363.1.248357	12169	2718	3026	3308	3117	0	0	0	1438	0	0	rs
ERR12319363.1.249455	6711	1698	1507	1619	1887	0	0	0	554	0	0	rs
ERR12319363.1.257825	2296	514	610	690	482	0	0	0	254	0	0	rs
ERR12319363.1.287028	5890	1273	1669	1641	1307	0	0	0	794	0	0	rs
ERR12319363.1.305082	2615	528	727	793	567	0	0	0	320	0	0	rs
ERR12319363.1.306460	3896	961	1153	1167	615	0	0	0	588	0	0	rs
ERR12319363.1.323016	3316	513	968	934	901	0	0	0	388	0	0	rs
ERR12319363.1.342019	3908	727	1152	1071	958	0	0	0	432	0	0	rs
ERR12319363.1.345977	3288	549	931	965	843	0	0	0	408	0	0	rs
ERR12319363.1.347630	2083	271	591	575	646	0	0	0	190	0	0	rs
ERR12319363.1.352953	4643	828	1328	1222	1265	0	0	0	468	0	0	rs
ERR12319363.1.362008	6023	1511	1525	1649	1338	0	0	0	714	0	0	rs
ERR12319363.1.369490	3415	665	977	979	794	0	0	0	366	0	0	rs
ERR12319363.1.370402	2928	708	884	846	490	0	0	0	404	0	0	rs
ERR12319363.1.373134	3424	490	1047	927	960	0	0	0	342	0	0	rs
ERR12319363.1.378400	4313	789	1259	1249	1016	0	0	0	548	0	0	rs
ERR12319363.1.399303	8736	2245	2006	2347	2138	0	0	0	794	0	0	rs
ERR12319363.1.401718	9449	2316	2153	2631	2349	0	0	0	922	0	0	rs
ERR12319363.1.410823	6851	1326	1756	1741	2028	0	0	0	764	0	0	rs
ERR12319363.1.418218	4077	1018	1179	1198	682	0	0	0	538	0	0	rs
ERR12319363.1.422161	3818	954	1116	1057	691	0	0	0	426	0	0	rs
ERR12319363.1.423813	6146	1413	1597	1512	1624	0	0	0	662	0	0	rs
ERR12319363.1.426554	14411	3658	3549	3829	3375	0	0	0	1564	0	0	rs
ERR12319363.1.439515	8962	2309	2206	2176	2271	0	0	0	900	0	0	rs
ERR12319363.1.440610	2423	539	701	688	495	0	0	0	306	0	0	rs
ERR12319363.1.440887	8881	1846	2623	2352	2060	0	0	0	1036	0	0	rs
ERR12319363.1.450189	3901	979	1152	1123	647	0	0	0	502	0	0	rs
ERR12319363.1.451195	4741	824	1355	1341	1221	0	0	0	564	0	0	rs
ERR12319363.1.460622	3906	700	1154	1143	909	0	0	0	510	0	0	rs
ERR12319363.1.461153	7443	1505	1959	1872	2107	0	0	0	648	0	0	rs
ERR12319363.1.464136	4268	695	1238	1272	1063	0	0	0	546	0	0	rs
ERR12319363.1.467820	1120	168	331	364	257	0	0	0	216	0	0	rs
ERR12319363.1.481814	1774	219	550	508	497	0	0	0	240	0	0	rs
ERR12319363.1.495276	3775	713	1162	1027	873	0	0	0	424	0	0	rs
ERR12319363.1.497545	6237	1558	1504	1510	1665	0	0	0	680	0	0	rs
ERR12319363.1.505740	3598	822	1014	1068	694	0	0	0	384	0	0	rs
ERR12319363.1.509674	7397	1690	1922	1889	1896	0	0	0	856	0	0	rs
ERR12319363.1.513704	11459	3098	2954	2792	2615	0	0	0	1156	0	0	rs
ERR12319363.1.516881	10243	2656	2525	2624	2438	0	0	0	938	0	0	rs
ERR12319363.1.539878	1587	287	460	461	379	0	0	0	198	0	0	rs
ERR12319363.1.540269	14506	3466	3210	4048	3782	0	0	0	1464	0	0	rs
ERR12319363.1.567390	5848	1347	1324	1374	1803	0	0	0	412	0	0	rs
ERR12319363.1.572641	5964	1424	1645	1383	1512	0	0	0	606	0	0	rs
ERR12319363.1.573581	7051	1361	2098	2008	1584	0	0	0	920	0	0	rs
ERR12319363.1.576362	3801	627	1066	1089	1019	0	0	0	364	0	0	rs
ERR12319363.1.583510	2691	350	793	739	809	0	0	0	272	0	0	rs
ERR12319363.1.586223	15693	4052	3686	4106	3849	0	0	0	1598	0	0	rs
ERR12319363.1.592862	2854	620	849	779	606	0	0	0	332	0	0	rs
ERR12319363.1.593432	3889	943	1053	1069	824	0	0	0	438	0	0	rs
ERR12319363.1.594560	9281	2572	2255	2266	2188	0	0	0	780	0	0	rs
ERR12319363.1.612474	4454	1229	1274	1120	831	0	0	0	574	0	0	rs
ERR12319363.1.625196	5575	1453	1269	1372	1481	0	0	0	366	0	0	rs
ERR12319363.1.631756	3314	569	884	942	919	0	0	0	420	0	0	rs
ERR12319363.1.632334	7886	1696	2176	2057	1957	0	0	0	826	0	0	rs
ERR12319363.1.634122	6578	1904	1662	1582	1430	0	0	0	638	0	0	rs
ERR12319363.1.634218	4063	808	1148	1192	915	0	0	0	516	0	0	rs
ERR12319363.1.638011	8122	1882	1842	2354	2044	0	0	0	908	0	0	rs
ERR12319363.1.640846	3004	445	892	822	845	0	0	0	284	0	0	rs
ERR12319363.1.645352	10885	2671	2609	2886	2719	0	0	0	938	0	0	rs
ERR12319363.1.662247	3278	827	923	983	545	0	0	0	390	0	0	rs
ERR12319363.1.671558	7359	1557	1934	1829	2039	0	0	0	760	0	0	rs
ERR12319363.1.672526	3026	702	865	888	571	0	0	0	360	0	0	rs
ERR12319363.1.680009	1413	181	419	416	397	0	0	0	196	0	0	rs
ERR12319363.1.681625	2763	518	782	811	652	0	0	0	300	0	0	rs
ERR12319363.1.682419	2129	489	616	632	392	0	0	0	274	0	0	rs
ERR12319363.1.687630	12738	3177	3176	3007	3378	0	0	0	1186	0	0	rs
ERR12319363.1.693524	4680	1123	1087	1124	1346	0	0	0	438	0	0	rs
ERR12319363.1.693664	4179	1029	1098	1143	909	0	0	0	470	0	0	rs
ERR12319363.1.699838	3030	728	837	909	556	0	0	0	310	0	0	rs
ERR12319363.1.704833	4968	1216	1456	1399	897	0	0	0	562	0	0	rs
ERR12319363.1.709056	3230	754	804	772	900	0	0	0	348	0	0	rs
ERR12319363.1.723273	5207	1389	1167	1192	1459	0	0	0	508	0	0	rs
ERR12319363.1.729692	15657	4646	3691	3450	3870	0	0	0	1404	0	0	rs
ERR12319363.1.734890	3593	892	970	969	762	0	0	0	372	0	0	rs
ERR12319363.1.741505	1104	293	325	343	143	0	0	0	206	0	0	rs
ERR12319363.1.743729	18612	4602	4276	4569	5165	0	0	0	1560	0	0	rs
ERR12319363.1.744830	11735	3174	2681	2767	3113	0	0	0	1072	0	0	rs
ERR12319363.1.748546	7792	1914	2055	1929	1894	0	0	0	868	0	0	rs
ERR12319363.1.749626	7135	1432	1763	1954	1986	0	0	0	642	0	0	rs
ERR12319363.1.751294	5363	1442	1376	1439	1106	0	0	0	558	0	0	rs
ERR12319363.1.774937	3012	413	902	823	874	0	0	0	352	0	0	rs
ERR12319363.1.778445	6609	1731	1591	1363	1924	0	0	0	480	0	0	rs
ERR12319363.1.787861	3970	802	1086	1182	900	0	0	0	464	0	0	rs
ERR12319363.1.791210	15598	3917	3807	3937	3937	0	0	0	1374	0	0	rs
ERR12319363.1.791544	3691	801	1073	1072	745	0	0	0	560	0	0	rs
ERR12319363.1.794183	1565	438	460	454	213	0	0	0	244	0	0	rs
ERR12319363.1.798509	9813	2417	2365	2464	2567	0	0	0	832	0	0	rs
ERR12319363.1.808150	9654	2474	2233	2331	2616	0	0	0	816	0	0	rs
ERR12319363.1.815352	3276	727	937	952	660	0	0	0	350	0	0	rs
ERR12319363.1.816651	9274	2382	2446	2233	2213	0	0	0	898	0	0	rs
ERR12319363.1.819126	10409	2463	2695	2621	2630	0	0	0	950	0	0	rs
ERR12319363.1.825247	3822	884	1095	1150	693	0	0	0	524	0	0	rs
ERR12319363.1.827517	5178	1024	1343	1403	1408	0	0	0	504	0	0	rs
ERR12319363.1.828957	3145	777	886	916	566	0	0	0	340	0	0	rs
ERR12319363.1.838608	4041	702	1167	1190	982	0	0	0	466	0	0	rs
ERR12319363.1.841820	3420	592	1034	994	800	0	0	0	500	0	0	rs
ERR12319363.1.842876	11775	3265	2846	2683	2981	0	0	0	1184	0	0	rs
ERR12319363.1.844211	3829	614	1092	1085	1038	0	0	0	388	0	0	rs
ERR12319363.1.844608	4303	1029	1248	1243	783	0	0	0	594	0	0	rs
ERR12319363.1.846466	4118	657	1205	1242	1014	0	0	0	580	0	0	rs
ERR12319363.1.850403	3516	575	1030	982	929	0	0	0	372	0	0	rs
ERR12319363.1.854513	4268	984	1107	1126	1051	0	0	0	436	0	0	rs
ERR12319363.1.870141	5922	1424	1537	1569	1392	0	0	0	568	0	0	rs
ERR12319363.1.871833	7668	1985	2030	1976	1677	0	0	0	820	0	0	rs
ERR12319363.1.872037	4951	861	1457	1411	1222	0	0	0	620	0	0	rs
ERR12319363.1.886918	3294	544	964	927	859	0	0	0	372	0	0	rs
ERR12319363.1.890446	2886	367	862	829	828	0	0	0	342	0	0	rs
ERR12319363.1.898780	3386	870	1033	935	548	0	0	0	430	0	0	rs
ERR12319363.1.899589	4701	905	1316	1356	1124	0	0	0	582	0	0	rs
ERR12319363.1.906322	2969	388	907	774	900	0	0	0	292	0	0	rs
ERR12319363.1.909712	6508	1570	1462	1632	1844	0	0	0	622	0	0	rs
ERR12319363.1.914886	3392	932	794	925	741	0	0	0	362	0	0	rs
ERR12319363.1.915637	4109	854	1189	1185	881	0	0	0	496	0	0	rs
ERR12319363.1.923349	7415	2007	1871	1594	1943	0	0	0	560	0	0	rs
ERR12319363.1.931239	11647	3083	2827	2787	2950	0	0	0	1126	0	0	rs
ERR12319363.1.961785	1666	205	484	437	540	0	0	0	158	0	0	rs
ERR12319363.1.970635	4334	1186	1228	1289	631	0	0	0	516	0	0	rs
ERR12319363.1.986941	4450	1085	1141	1213	1011	0	0	0	434	0	0	rs
ERR12319363.1.990393	3837	606	1169	1101	961	0	0	0	488	0	0	rs
ERR12319363.1.992608	4393	1131	1358	1121	783	0	0	0	508	0	0	rs
ERR12319363.1.997065	10060	2108	2609	2544	2799	0	0	0	948	0	0	rs
ERR12319363.1.999063	2994	934	815	866	379	0	0	0	278	0	0	rs
ERR12319363.1.1004390	1808	258	549	494	507	0	0	0	258	0	0	rs
ERR12319363.1.1008581	6087	1526	1488	1608	1465	0	0	0	524	0	0	rs
ERR12319363.1.1011905	4396	1226	1099	1198	873	0	0	0	404	0	0	rs
ERR12319363.1.1012675	8729	1856	1968	2316	2589	0	0	0	734	0	0	rs
ERR12319363.1.1016196	14565	3479	3428	3685	3973	0	0	0	1234	0	0	rs
ERR12319363.1.1020292	4618	1157	1190	1322	949	0	0	0	460	0	0	rs
ERR12319363.1.1021225	6067	1464	1683	1690	1230	0	0	0	752	0	0	rs
ERR12319363.1.1021271	10635	2947	2602	2711	2375	0	0	0	1060	0	0	rs
ERR12319363.1.1031513	2968	823	820	862	463	0	0	0	264	0	0	rs
ERR12319363.1.1032940	4952	899	1468	1392	1193	0	0	0	566	0	0	rs
ERR12319363.1.1034543	4089	999	1162	1215	713	0	0	0	572	0	0	rs
ERR12319363.1.1039653	3551	618	970	934	1029	0	0	0	416	0	0	rs
ERR12319363.1.1044353	3587	575	1062	1066	884	0	0	0	510	0	0	rs
ERR12319363.1.1048183	5349	1397	1371	1372	1209	0	0	0	508	0	0	rs
ERR12319363.1.1048495	4233	783	989	1181	1280	0	0	0	448	0	0	rs
ERR12319363.1.1052029	1467	194	428	442	403	0	0	0	216	0	0	rs
ERR12319363.1.1057184	3610	824	866	876	1044	0	0	0	346	0	0	rs
ERR12319363.1.1072974	14379	4011	3429	3582	3357	0	0	0	1306	0	0	rs
ERR12319363.1.1077924	3661	596	1052	1070	943	0	0	0	416	0	0	rs
ERR12319363.1.1084104	3901	940	1145	1121	695	0	0	0	524	0	0	rs
ERR12319363.1.1089804	8489	2154	2064	2282	1989	0	0	0	826	0	0	rs
ERR12319363.1.1090866	3919	942	1108	1188	681	0	0	0	480	0	0	rs
ERR12319363.1.1105637	7866	2094	1870	1835	2067	0	0	0	860	0	0	rs
ERR12319363.1.1110374	7707	1840	1907	1836	2124	0	0	0	722	0	0	rs
ERR12319363.1.1111034	4390	1069	1267	1277	777	0	0	0	508	0	0	rs
ERR12319363.1.1111937	14566	3904	3676	3654	3332	0	0	0	1378	0	0	rs
ERR12319363.1.1115880	11825	2862	2549	3090	3324	0	0	0	1020	0	0	rs
ERR12319363.1.1119915	4937	1337	1144	1206	1250	0	0	0	428	0	0	rs
ERR12319363.1.1126189	8000	1897	1897	2238	1968	0	0	0	834	0	0	rs
ERR12319363.1.1136810	2943	426	862	827	828	0	0	0	330	0	0	rs
ERR12319363.1.1144618	4190	740	1254	1179	1017	0	0	0	468	0	0	rs
ERR12319363.1.1146103	8020	2059	2173	2177	1611	0	0	0	926	0	0	rs
ERR12319363.1.1159709	3593	1003	966	941	683	0	0	0	388	0	0	rs
ERR12319363.1.1163354	3911	961	1093	1150	707	0	0	0	412	0	0	rs
ERR12319363.1.1163533	2727	644	786	790	507	0	0	0	318	0	0	rs
ERR12319363.1.1164291	13289	3360	2955	3478	3496	0	0	0	1196	0	0	rs
ERR12319363.1.1181281	6811	1788	1750	1619	1654	0	0	0	692	0	0	rs
ERR12319363.1.1183589	6417	1648	1704	1697	1368	0	0	0	974	0	0	rs
ERR12319363.1.1186103	3671	970	1103	879	719	0	0	0	384	0	0	rs
ERR12319363.1.1187237	2853	404	857	805	787	0	0	0	328	0	0	rs
ERR12319363.1.1193932	3013	511	884	873	745	0	0	0	350	0	0	rs
ERR12319363.1.1196098	2344	587	533	693	531	0	0	0	248	0	0	rs
ERR12319363.1.1197958	7678	1996	1958	1966	1758	0	0	0	760	0	0	rs
ERR12319363.1.1201230	3087	507	901	824	855	0	0	0	224	0	0	rs
ERR12319363.1.1216134	7864	2120	2004	1944	1796	0	0	0	696	0	0	rs
ERR12319363.1.1218608	3349	941	1042	771	595	0	0	0	352	0	0	rs
ERR12319363.1.1224736	8101	1797	2184	2077	2043	0	0	0	862	0	0	rs
ERR12319363.1.1236494	3800	685	1043	1114	958	0	0	0	448	0	0	rs
ERR12319363.1.1255952	3897	877	1076	1165	779	0	0	0	490	0	0	rs
ERR12319363.1.1262518	2342	464	689	662	527	0	0	0	302	0	0	rs
ERR12319363.1.1264452	13425	3439	3358	3391	3237	0	0	0	1238	0	0	rs
ERR12319363.1.1272846	3161	529	969	882	781	0	0	0	438	0	0	rs
ERR12319363.1.1274735	16777	4013	4183	3863	4718	0	0	0	1440	0	0	rs
ERR12319363.1.1277313	12300	3002	3068	3032	3198	0	0	0	1216	0	0	rs
ERR12319363.1.1279110	5365	1202	1404	1350	1409	0	0	0	560	0	0	rs
ERR12319363.1.1281951	3924	1077	1016	1134	697	0	0	0	546	0	0	rs
ERR12319363.1.1282218	12711	3084	3176	3257	3194	0	0	0	1240	0	0	rs
ERR12319363.1.1283163	12444	3071	3144	3422	2807	0	0	0	1142	0	0	rs
ERR12319363.1.1288480	4134	682	1231	1175	1046	0	0	0	508	0	0	rs
ERR12319363.1.1291525	3997	679	1198	1124	996	0	0	0	454	0	0	rs
ERR12319363.1.1291626	4347	820	1259	1246	1022	0	0	0	598	0	0	rs
ERR12319363.1.1293349	4104	1190	1074	1113	727	0	0	0	386	0	0	rs
ERR12319363.1.1296699	8415	1870	2022	2148	2375	0	0	0	724	0	0	rs
ERR12319363.1.1299798	1210	143	372	358	337	0	0	0	198	0	0	rs
ERR12319363.1.1307110	10886	2700	2552	2733	2901	0	0	0	1086	0	0	rs
ERR12319363.1.1309606	7872	1868	2141	2004	1859	0	0	0	850	0	0	rs
ERR12319363.1.1311377	9139	2259	2300	2385	2195	0	0	0	996	0	0	rs
ERR12319363.1.1314287	2283	674	670	614	325	0	0	0	204	0	0	rs
ERR12319363.1.1314701	3914	573	1096	1105	1140	0	0	0	372	0	0	rs
ERR12319363.1.1315320	2843	402	846	798	797	0	0	0	296	0	0	rs
ERR12319363.1.1319327	7745	2008	2014	1994	1729	0	0	0	786	0	0	rs
ERR12319363.1.1338345	10782	2570	2387	2736	3089	0	0	0	978	0	0	rs
ERR12319363.1.1341220	8513	1895	2262	2155	2201	0	0	0	874	0	0	rs
ERR12319363.1.1341366	4916	1059	1329	1267	1261	0	0	0	474	0	0	rs
ERR12319363.1.1342689	9579	2798	2499	2070	2212	0	0	0	722	0	0	rs
ERR12319363.1.1345825	3684	896	1065	1064	659	0	0	0	436	0	0	rs
ERR12319363.1.1347254	1914	253	584	547	530	0	0	0	268	0	0	rs
ERR12319363.1.1380565	3235	654	956	977	648	0	0	0	530	0	0	rs
ERR12319363.1.1380771	3899	714	1147	1144	894	0	0	0	516	0	0	rs
ERR12319363.1.1380974	1349	177	425	378	369	0	0	0	216	0	0	rs
ERR12319363.1.1392432	22152	5599	5322	5529	5702	0	0	0	2052	0	0	rs
ERR12319363.1.1407524	9197	2486	2246	2247	2218	0	0	0	868	0	0	rs
ERR12319363.1.1417546	7498	1740	1958	1960	1840	0	0	0	856	0	0	rs
ERR12319363.1.1418971	9206	2122	2428	2352	2304	0	0	0	972	0	0	rs
ERR12319363.1.1431856	4400	1055	1241	1272	832	0	0	0	540	0	0	rs
ERR12319363.1.1432595	2910	420	855	772	863	0	0	0	242	0	0	rs
ERR12319363.1.1445578	5440	1372	1146	1366	1556	0	0	0	422	0	0	rs
ERR12319363.1.1450686	6144	1501	1258	1244	2141	0	0	0	506	0	0	rs
ERR12319363.1.1451422	8301	1959	2039	2243	2060	0	0	0	1044	0	0	rs
ERR12319363.1.1462714	3119	652	914	915	638	0	0	0	450	0	0	rs
ERR12319363.1.1464063	4540	1385	1181	1142	832	0	0	0	412	0	0	rs
ERR12319363.1.1471458	2311	586	619	695	411	0	0	0	236	0	0	rs
ERR12319363.1.1471602	2707	473	802	767	665	0	0	0	344	0	0	rs
ERR12319363.1.1473283	10072	2355	2529	2533	2655	0	0	0	1022	0	0	rs
ERR12319363.1.1474206	11562	2557	3008	2970	3027	0	0	0	1260	0	0	rs
ERR12319363.1.1476705	5318	1296	1387	1532	1103	0	0	0	538	0	0	rs
ERR12319363.1.1477314	7255	2430	1137	1130	2558	0	0	0	326	0	0	rs
ERR12319363.1.1481464	4450	967	1067	1068	1348	0	0	0	406	0	0	rs
ERR12319363.1.1484232	6636	1603	1702	1739	1592	0	0	0	722	0	0	rs
ERR12319363.1.1484352	1869	547	497	582	243	0	0	0	228	0	0	rs
ERR12319363.1.1488627	4542	1280	1143	1191	928	0	0	0	448	0	0	rs
ERR12319363.1.1510231	3151	590	965	856	740	0	0	0	330	0	0	rs
ERR12319363.1.1511437	3969	1063	1114	1154	638	0	0	0	446	0	0	rs
ERR12319363.1.1511650	4475	1047	1130	926	1372	0	0	0	394	0	0	rs
ERR12319363.1.1528443	4451	811	1297	1251	1092	0	0	0	552	0	0	rs
ERR12319363.1.1532592	5172	1241	1309	1275	1347	0	0	0	490	0	0	rs
ERR12319363.1.1535699	14914	3820	3791	3753	3550	0	0	0	1460	0	0	rs
ERR12319363.1.1538458	15273	3888	3880	3803	3702	0	0	0	1582	0	0	rs
ERR12319363.1.1540782	3442	608	1000	1021	813	0	0	0	444	0	0	rs
ERR12319363.1.1542575	9996	2363	2640	2509	2484	0	0	0	1110	0	0	rs
ERR12319363.1.1543607	4340	1066	1237	1270	767	0	0	0	550	0	0	rs
ERR12319363.1.1544905	2529	360	758	695	716	0	0	0	312	0	0	rs
ERR12319363.1.1547803	2785	654	757	778	596	0	0	0	280	0	0	rs
ERR12319363.1.1556425	3621	839	1049	1080	653	0	0	0	450	0	0	rs
ERR12319363.1.1566354	8279	2252	1939	2196	1892	0	0	0	818	0	0	rs
ERR12319363.1.1567079	3794	628	1113	1069	984	0	0	0	438	0	0	rs
ERR12319363.1.1567792	4488	811	1311	1270	1096	0	0	0	542	0	0	rs
ERR12319363.1.1573164	4424	734	1339	1268	1083	0	0	0	578	0	0	rs
ERR12319363.1.1573356	7712	2076	1822	1833	1981	0	0	0	670	0	0	rs
ERR12319363.1.1574417	4108	995	1232	1204	677	0	0	0	560	0	0	rs
ERR12319363.1.1580694	3918	637	1173	1119	989	0	0	0	480	0	0	rs
ERR12319363.1.1581863	3676	561	1110	1017	988	0	0	0	424	0	0	rs
ERR12319363.1.1590612	6842	1476	2101	1681	1584	0	0	0	950	0	0	rs
ERR12319363.1.1601851	15763	4079	4296	3809	3579	0	0	0	1696	0	0	rs
ERR12319363.1.1604141	3066	450	924	837	855	0	0	0	300	0	0	rs
ERR12319363.1.1614936	6208	1404	1542	1610	1652	0	0	0	658	0	0	rs
ERR12319363.1.1615158	3222	816	987	895	524	0	0	0	452	0	0	rs
ERR12319363.1.1616861	4319	1016	1216	1305	782	0	0	0	530	0	0	rs
ERR12319363.1.1625422	5950	1568	1555	1646	1181	0	0	0	654	0	0	rs
ERR12319363.1.1634337	6772	1700	1667	1694	1711	0	0	0	714	0	0	rs
ERR12319363.1.1637543	3641	574	1087	974	1006	0	0	0	358	0	0	rs
ERR12319363.1.1637853	2331	287	720	655	669	0	0	0	296	0	0	rs
ERR12319363.1.1648122	4327	1044	1175	1342	766	0	0	0	604	0	0	rs
ERR12319363.1.1650164	7757	2043	1963	2078	1673	0	0	0	818	0	0	rs
ERR12319363.1.1651707	3365	523	960	957	925	0	0	0	364	0	0	rs
ERR12319363.1.1652578	8845	1802	2375	2310	2358	0	0	0	940	0	0	rs
ERR12319363.1.1654644	7619	2049	1868	1949	1753	0	0	0	814	0	0	rs
ERR12319363.1.1663465	7179	1526	1769	1821	2063	0	0	0	684	0	0	rs
ERR12319363.1.1665511	3145	467	971	859	848	0	0	0	334	0	0	rs
ERR12319363.1.1678843	6064	1118	1756	1647	1543	0	0	0	666	0	0	rs
ERR12319363.1.1688053	9583	2301	2546	2427	2309	0	0	0	996	0	0	rs
ERR12319363.1.1689763	8020	1646	2095	2140	2139	0	0	0	872	0	0	rs
ERR12319363.1.1694509	3585	1037	1010	1018	520	0	0	0	310	0	0	rs
ERR12319363.1.1703839	3759	927	1055	1118	659	0	0	0	462	0	0	rs
ERR12319363.1.1726960	5984	1085	1477	1611	1811	0	0	0	488	0	0	rs
ERR12319363.1.1729366	3632	557	1090	1033	952	0	0	0	458	0	0	rs
ERR12319363.1.1734728	2053	249	626	570	608	0	0	0	268	0	0	rs
ERR12319363.1.1736775	4402	1142	1247	1229	784	0	0	0	448	0	0	rs
ERR12319363.1.1740152	2690	472	765	760	693	0	0	0	244	0	0	rs
ERR12319363.1.1742426	4591	1108	1294	1359	830	0	0	0	546	0	0	rs
ERR12319363.1.1753857	3834	935	1115	1132	652	0	0	0	510	0	0	rs
ERR12319363.1.1755446	4115	651	1185	1159	1120	0	0	0	454	0	0	rs
ERR12319363.1.1762975	4596	789	1382	1258	1167	0	0	0	552	0	0	rs
ERR12319363.1.1763648	8195	2231	1879	2083	2002	0	0	0	778	0	0	rs
ERR12319363.1.1773982	1878	438	525	557	358	0	0	0	216	0	0	rs
ERR12319363.1.1779028	3070	657	877	864	672	0	0	0	352	0	0	rs
ERR12319363.1.1784299	3069	736	849	916	568	0	0	0	344	0	0	rs
ERR12319363.1.1791406	2610	588	745	731	546	0	0	0	310	0	0	rs
ERR12319363.1.1796722	3441	601	993	985	862	0	0	0	378	0	0	rs
ERR12319363.1.1797691	4220	984	1206	1261	769	0	0	0	568	0	0	rs
ERR12319363.1.1805189	2312	279	709	633	691	0	0	0	254	0	0	rs
ERR12319363.1.1809185	4113	971	1164	1212	766	0	0	0	532	0	0	rs
ERR12319363.1.1816429	7047	1825	1681	1788	1753	0	0	0	654	0	0	rs
ERR12319363.1.1823217	1996	407	574	569	446	0	0	0	218	0	0	rs
ERR12319363.1.1823638	3693	622	1129	1040	902	0	0	0	464	0	0	rs
ERR12319363.1.1824280	8679	2352	2257	2215	1855	0	0	0	924	0	0	rs
ERR12319363.1.1831050	7256	1966	1745	1555	1990	0	0	0	606	0	0	rs
ERR12319363.1.1837543	12472	3033	3340	3170	2929	0	0	0	1276	0	0	rs
ERR12319363.1.1842185	6364	1330	1739	1720	1575	0	0	0	732	0	0	rs
ERR12319363.1.1845057	5649	1304	1453	1499	1393	0	0	0	566	0	0	rs
ERR12319363.1.1860630	5086	1280	1356	1377	1073	0	0	0	658	0	0	rs
ERR12319363.1.1862198	5646	1083	1521	1519	1523	0	0	0	598	0	0	rs
ERR12319363.1.1869938	3468	672	1032	904	860	0	0	0	358	0	0	rs
ERR12319363.1.1874413	7303	1934	1870	2035	1464	0	0	0	750	0	0	rs
ERR12319363.1.1877099	4471	1173	1221	1251	826	0	0	0	590	0	0	rs
ERR12319363.1.1880403	2628	290	777	750	811	0	0	0	292	0	0	rs
ERR12319363.1.1886993	17014	4161	4296	4343	4214	0	0	0	1690	0	0	rs
ERR12319363.1.1890769	2608	642	699	778	489	0	0	0	228	0	0	rs
ERR12319363.1.1890913	2623	712	715	765	431	0	0	0	246	0	0	rs
ERR12319363.1.1894284	3379	523	978	983	895	0	0	0	340	0	0	rs
ERR12319363.1.1897295	1448	338	412	437	261	0	0	0	210	0	0	rs
ERR12319363.1.1898516	6636	1536	1678	1645	1777	0	0	0	622	0	0	rs
ERR12319363.1.1900613	5440	1346	1438	1325	1331	0	0	0	550	0	0	rs
ERR12319363.1.1904788	12012	2650	2872	2871	3619	0	0	0	940	0	0	rs
ERR12319363.1.1907452	3974	1035	1194	1142	603	0	0	0	552	0	0	rs
ERR12319363.1.1917654	5021	1303	1381	1340	997	0	0	0	650	0	0	rs
ERR12319363.1.1919652	2982	456	881	854	791	0	0	0	380	0	0	rs
ERR12319363.1.1920618	2975	560	833	846	736	0	0	0	336	0	0	rs
ERR12319363.1.1933259	4794	795	1354	1354	1291	0	0	0	558	0	0	rs
ERR12319363.1.1938251	15418	3584	3653	3976	4205	0	0	0	1486	0	0	rs
ERR12319363.1.1938533	7591	1904	1981	2017	1689	0	0	0	822	0	0	rs
ERR12319363.1.1944235	2961	441	886	846	788	0	0	0	348	0	0	rs
ERR12319363.1.1952169	13952	3180	3861	3486	3425	0	0	0	1394	0	0	rs
ERR12319363.1.1960135	14439	3685	3683	3505	3566	0	0	0	1162	0	0	rs
ERR12319363.1.1968540	3831	659	1119	1094	959	0	0	0	454	0	0	rs
ERR12319363.1.1969496	6911	1309	1236	1860	2506	0	0	0	544	0	0	rs
ERR12319363.1.1972768	2421	424	700	674	623	0	0	0	210	0	0	rs
ERR12319363.1.1979626	2652	375	790	727	760	0	0	0	246	0	0	rs
ERR12319363.1.1985373	16635	4587	3804	3943	4301	0	0	0	1320	0	0	rs
ERR12319363.1.1998649	1917	274	600	534	509	0	0	0	266	0	0	rs
ERR12319363.1.2006129	2517	774	693	754	296	0	0	0	286	0	0	rs
ERR12319363.1.2006339	2748	622	659	745	722	0	0	0	286	0	0	rs
ERR12319363.1.2007161	4148	1038	1177	1197	736	0	0	0	524	0	0	rs
ERR12319363.1.2011025	2517	318	791	714	694	0	0	0	310	0	0	rs
ERR12319363.1.2017496	4080	746	1140	1022	1172	0	0	0	382	0	0	rs
ERR12319363.1.2022053	4381	1105	1211	1326	739	0	0	0	532	0	0	rs
ERR12319363.1.2045911	9436	2355	2478	2328	2275	0	0	0	934	0	0	rs
ERR12319363.1.2046267	1794	394	490	544	366	0	0	0	240	0	0	rs
ERR12319363.1.2048296	9859	2634	2203	2461	2561	0	0	0	872	0	0	rs
ERR12319363.1.2048813	2974	521	826	850	777	0	0	0	268	0	0	rs
ERR12319363.1.2049517	4279	1062	1207	1269	741	0	0	0	560	0	0	rs
ERR12319363.1.2050782	5251	1241	1223	1322	1465	0	0	0	524	0	0	rs
ERR12319363.1.2050804	3164	623	964	894	683	0	0	0	390	0	0	rs
ERR12319363.1.2058966	3934	638	1153	1168	975	0	0	0	552	0	0	rs
ERR12319363.1.2061015	2509	507	694	743	565	0	0	0	302	0	0	rs
ERR12319363.1.2074879	10098	2635	2302	2505	2656	0	0	0	828	0	0	rs
ERR12319363.1.2084151	2854	803	780	863	408	0	0	0	330	0	0	rs
ERR12319363.1.2087424	8562	1971	2093	2310	2188	0	0	0	862	0	0	rs
ERR12319363.1.2100517	6286	1548	1478	1526	1734	0	0	0	624	0	0	rs
ERR12319363.1.2105282	3303	429	936	934	1004	0	0	0	342	0	0	rs
ERR12319363.1.2108110	4260	676	1260	1223	1101	0	0	0	550	0	0	rs
ERR12319363.1.2108522	16519	4573	4247	4145	3554	0	0	0	1948	0	0	rs
ERR12319363.1.2112136	4377	1045	1214	1307	811	0	0	0	512	0	0	rs
ERR12319363.1.2114335	2648	535	797	750	566	0	0	0	292	0	0	rs
ERR12319363.1.2125801	3973	778	1153	1179	863	0	0	0	574	0	0	rs
ERR12319363.1.2134559	6911	1742	2000	1713	1456	0	0	0	922	0	0	rs
ERR12319363.1.2135336	3921	738	1142	1095	946	0	0	0	490	0	0	rs
ERR12319363.1.2139283	4206	1023	1179	1191	813	0	0	0	534	0	0	rs
ERR12319363.1.2142568	13251	3146	3366	3461	3278	0	0	0	1458	0	0	rs
ERR12319363.1.2150859	11052	2826	2537	2666	3023	0	0	0	988	0	0	rs
ERR12319363.1.2154085	5775	1562	1243	1492	1478	0	0	0	558	0	0	rs
ERR12319363.1.2161730	3341	672	964	965	740	0	0	0	406	0	0	rs
ERR12319363.1.2178344	2288	484	660	676	468	0	0	0	288	0	0	rs
ERR12319363.1.2188871	4170	1103	1192	1193	682	0	0	0	474	0	0	rs
ERR12319363.1.2190506	13464	3560	2936	2655	4313	0	0	0	1134	0	0	rs
ERR12319363.1.2196803	4309	819	1245	1212	1033	0	0	0	504	0	0	rs
ERR12319363.1.2198510	4324	772	1258	1252	1042	0	0	0	592	0	0	rs
ERR12319363.1.2203962	10771	2327	2875	2844	2725	0	0	0	1358	0	0	rs
ERR12319363.1.2204714	3272	630	910	976	756	0	0	0	384	0	0	rs
ERR12319363.1.2210993	3458	644	990	971	853	0	0	0	332	0	0	rs
ERR12319363.1.2211605	2368	281	739	664	684	0	0	0	318	0	0	rs
ERR12319363.1.2217133	3758	629	1103	1091	935	0	0	0	472	0	0	rs
ERR12319363.1.2225517	2338	291	715	624	708	0	0	0	262	0	0	rs
ERR12319363.1.2226790	10186	2522	2576	2439	2649	0	0	0	950	0	0	rs
ERR12319363.1.2227650	5541	1393	1317	1335	1496	0	0	0	568	0	0	rs
ERR12319363.1.2232182	2266	328	672	661	605	0	0	0	286	0	0	rs
ERR12319363.1.2232897	3131	440	925	879	887	0	0	0	370	0	0	rs
ERR12319363.1.2234975	3830	668	1171	1043	948	0	0	0	494	0	0	rs
ERR12319363.1.2255428	5199	1039	1448	1508	1204	0	0	0	668	0	0	rs
ERR12319363.1.2260825	2522	316	748	721	737	0	0	0	302	0	0	rs
ERR12319363.1.2261231	4735	990	1228	1296	1221	0	0	0	756	0	0	rs
ERR12319363.1.2262120	5200	1288	1240	1267	1405	0	0	0	490	0	0	rs
ERR12319363.1.2262162	1905	218	560	551	576	0	0	0	182	0	0	rs
ERR12319363.1.2262390	3421	701	933	935	852	0	0	0	378	0	0	rs
ERR12319363.1.2274075	4256	906	1220	1195	935	0	0	0	536	0	0	rs
ERR12319363.1.2276236	7251	1407	1880	2027	1937	0	0	0	720	0	0	rs
ERR12319363.1.2286182	1801	251	530	542	478	0	0	0	280	0	0	rs
ERR12319363.1.2286685	4654	1335	1182	1118	1019	0	0	0	480	0	0	rs
ERR12319363.1.2287673	2550	352	769	685	744	0	0	0	228	0	0	rs
ERR12319363.1.2304388	3434	636	1032	948	818	0	0	0	474	0	0	rs
ERR12319363.1.2308638	3182	606	921	910	745	0	0	0	306	0	0	rs
ERR12319363.1.2310629	2609	468	756	712	673	0	0	0	238	0	0	rs
ERR12319363.1.2326323	1702	469	491	540	202	0	0	0	260	0	0	rs
ERR12319363.1.2327226	2505	746	755	688	316	0	0	0	302	0	0	rs
ERR12319363.1.2335448	2018	473	568	620	357	0	0	0	294	0	0	rs
ERR12319363.1.2341430	12041	2652	2905	3204	3280	0	0	0	1258	0	0	rs
ERR12319363.1.2344085	9275	2300	2113	1589	3273	0	0	0	534	0	0	rs
ERR12319363.1.2358380	6671	1301	1924	1467	1979	0	0	0	468	0	0	rs
ERR12319363.1.2360481	13764	3332	3322	3154	3956	0	0	0	1138	0	0	rs
ERR12319363.1.2366192	7560	1846	2108	2027	1579	0	0	0	852	0	0	rs
ERR12319363.1.2366709	2269	439	614	653	563	0	0	0	212	0	0	rs
ERR12319363.1.2368935	2829	757	677	829	566	0	0	0	312	0	0	rs
ERR12319363.1.2370420	3097	736	873	899	589	0	0	0	360	0	0	rs
ERR12319363.1.2380292	3264	959	906	972	427	0	0	0	338	0	0	rs
ERR12319363.1.2380587	2743	424	790	797	732	0	0	0	334	0	0	rs
ERR12319363.1.2384852	3497	637	1051	973	836	0	0	0	418	0	0	rs
ERR12319363.1.2385029	10503	2316	2695	2725	2767	0	0	0	1040	0	0	rs
ERR12319363.1.2386098	6819	1747	1759	1763	1550	0	0	0	660	0	0	rs
ERR12319363.1.2394120	2832	751	844	824	413	0	0	0	364	0	0	rs
ERR12319363.1.2402548	5162	1275	1351	1258	1278	0	0	0	512	0	0	rs
ERR12319363.1.2410165	3405	773	963	957	712	0	0	0	452	0	0	rs
ERR12319363.1.2411682	4162	715	1243	1168	1036	0	0	0	442	0	0	rs
ERR12319363.1.2413675	9244	2349	2032	2252	2611	0	0	0	922	0	0	rs
ERR12319363.1.2421815	3652	861	1028	1060	703	0	0	0	424	0	0	rs
ERR12319363.1.2426089	9451	2338	2347	2441	2325	0	0	0	936	0	0	rs
ERR12319363.1.2435233	3672	931	1067	1073	601	0	0	0	446	0	0	rs
ERR12319363.1.2435886	2620	664	651	696	609	0	0	0	376	0	0	rs
ERR12319363.1.2436371	2399	289	729	692	689	0	0	0	306	0	0	rs
ERR12319363.1.2447440	3886	635	1132	1059	1060	0	0	0	408	0	0	rs
ERR12319363.1.2448070	4487	1064	1285	1319	819	0	0	0	572	0	0	rs
ERR12319363.1.2452245	2417	349	736	695	637	0	0	0	362	0	0	rs
ERR12319363.1.2453825	16333	3839	4089	3951	4454	0	0	0	1568	0	0	rs
ERR12319363.1.2481180	8688	2276	2153	2229	2030	0	0	0	1012	0	0	rs
ERR12319363.1.2482777	2793	403	827	747	816	0	0	0	238	0	0	rs
ERR12319363.1.2488428	5653	1285	1471	1357	1540	0	0	0	626	0	0	rs
ERR12319363.1.2498893	3266	647	959	915	745	0	0	0	312	0	0	rs
ERR12319363.1.2500802	4535	1242	933	1159	1201	0	0	0	364	0	0	rs
ERR12319363.1.2504864	3907	706	1134	1177	890	0	0	0	570	0	0	rs
ERR12319363.1.2505877	3741	647	1135	1072	887	0	0	0	532	0	0	rs
ERR12319363.1.2511359	9075	2415	2163	2342	2155	0	0	0	942	0	0	rs
ERR12319363.1.2517065	12506	3052	3396	3197	2861	0	0	0	1272	0	0	rs
ERR12319363.1.2521228	3017	554	829	868	766	0	0	0	278	0	0	rs
ERR12319363.1.2522643	4203	727	1167	1131	1178	0	0	0	406	0	0	rs
ERR12319363.1.2527961	5015	976	1400	1249	1390	0	0	0	496	0	0	rs
ERR12319363.1.2537481	8184	1875	2192	2039	2078	0	0	0	740	0	0	rs
ERR12319363.1.2542501	7265	1806	1796	1774	1889	0	0	0	414	0	0	rs
ERR12319363.1.2545484	4355	714	1309	1256	1076	0	0	0	542	0	0	rs
ERR12319363.1.2554859	4456	772	1322	1256	1106	0	0	0	546	0	0	rs
ERR12319363.1.2556548	2588	626	749	729	484	0	0	0	322	0	0	rs
ERR12319363.1.2558485	11182	2651	2793	2968	2770	0	0	0	1344	0	0	rs
ERR12319363.1.2565070	3705	1021	895	910	879	0	0	0	354	0	0	rs
ERR12319363.1.2566868	2270	607	575	683	405	0	0	0	176	0	0	rs
ERR12319363.1.2569934	3512	550	1040	966	956	0	0	0	318	0	0	rs
ERR12319363.1.2571593	14311	3455	3512	3459	3885	0	0	0	1448	0	0	rs
ERR12319363.1.2576524	3211	485	958	951	817	0	0	0	452	0	0	rs
ERR12319363.1.2576560	3550	597	1058	980	915	0	0	0	422	0	0	rs
ERR12319363.1.2578831	2049	233	628	560	628	0	0	0	234	0	0	rs
ERR12319363.1.2581772	5419	1392	1265	1245	1517	0	0	0	576	0	0	rs
ERR12319363.1.2595728	10680	2731	2676	2407	2866	0	0	0	974	0	0	rs
ERR12319363.1.2599996	3177	494	915	839	929	0	0	0	222	0	0	rs
ERR12319363.1.2602107	7119	1994	1750	1866	1509	0	0	0	706	0	0	rs
ERR12319363.1.2603297	8314	1645	2149	2411	2109	0	0	0	1018	0	0	rs
ERR12319363.1.2606967	5419	1316	1287	1407	1409	0	0	0	518	0	0	rs
ERR12319363.1.2608370	4775	1172	1337	1404	862	0	0	0	600	0	0	rs
ERR12319363.1.2614331	12526	3247	3180	3024	3075	0	0	0	1070	0	0	rs
ERR12319363.1.2620540	4927	1225	1314	1392	996	0	0	0	606	0	0	rs
ERR12319363.1.2626382	4523	741	1321	1286	1175	0	0	0	536	0	0	rs
ERR12319363.1.2630147	3383	631	1019	944	789	0	0	0	434	0	0	rs
ERR12319363.1.2630773	2661	797	734	789	341	0	0	0	290	0	0	rs
ERR12319363.1.2657732	3599	623	1094	991	891	0	0	0	370	0	0	rs
ERR12319363.1.2674363	7640	1479	2101	2055	2005	0	0	0	838	0	0	rs
ERR12319363.1.2688931	2797	313	812	778	894	0	0	0	266	0	0	rs
ERR12319363.1.2693400	3656	943	1011	1044	658	0	0	0	404	0	0	rs
ERR12319363.1.2698070	6029	1576	1592	1605	1256	0	0	0	762	0	0	rs
ERR12319363.1.2699351	10109	2458	2436	2560	2655	0	0	0	936	0	0	rs
ERR12319363.1.2699522	3963	822	1117	1236	788	0	0	0	546	0	0	rs
ERR12319363.1.2700637	12460	2886	3069	3156	3349	0	0	0	1058	0	0	rs
ERR12319363.1.2705345	3670	907	1046	1074	643	0	0	0	376	0	0	rs
ERR12319363.1.2711868	6156	1398	1682	1636	1440	0	0	0	772	0	0	rs
ERR12319363.1.2713712	4283	1052	1233	1260	738	0	0	0	518	0	0	rs
ERR12319363.1.2716151	7429	1562	2086	1943	1838	0	0	0	804	0	0	rs
ERR12319363.1.2716633	12661	3141	3005	2888	3627	0	0	0	1134	0	0	rs
ERR12319363.1.2718223	3348	709	947	963	729	0	0	0	354	0	0	rs
ERR12319363.1.2744960	4148	678	1240	1132	1098	0	0	0	408	0	0	rs
ERR12319363.1.2748004	5166	1016	1438	1348	1364	0	0	0	512	0	0	rs
ERR12319363.1.2750538	16649	3983	4149	4529	3988	0	0	0	1536	0	0	rs
ERR12319363.1.2752829	3465	887	1015	986	577	0	0	0	448	0	0	rs
ERR12319363.1.2764275	1574	184	485	455	450	0	0	0	216	0	0	rs
ERR12319363.1.2777585	8488	2040	2117	2287	2044	0	0	0	850	0	0	rs
ERR12319363.1.2782117	3612	518	1025	1036	1033	0	0	0	376	0	0	rs
ERR12319363.1.2787824	3601	650	1058	1045	848	0	0	0	492	0	0	rs
ERR12319363.1.2800452	2677	433	726	793	725	0	0	0	300	0	0	rs
ERR12319363.1.2800531	2802	856	734	867	345	0	0	0	262	0	0	rs
ERR12319363.1.2807007	10987	2724	2814	2648	2801	0	0	0	934	0	0	rs
ERR12319363.1.2811253	4496	706	1294	1319	1177	0	0	0	546	0	0	rs
ERR12319363.1.2817050	3819	648	1123	1070	978	0	0	0	480	0	0	rs
ERR12319363.1.2819428	3646	896	1023	1081	646	0	0	0	450	0	0	rs
ERR12319363.1.2821113	7506	1380	2175	1986	1965	0	0	0	1302	0	0	rs
ERR12319363.1.2823763	4654	1125	1273	1180	1076	0	0	0	476	0	0	rs
ERR12319363.1.2830237	4271	1039	1130	1235	867	0	0	0	428	0	0	rs
ERR12319363.1.2830930	2723	746	767	794	416	0	0	0	322	0	0	rs
ERR12319363.1.2836911	5719	1204	1623	1602	1290	0	0	0	678	0	0	rs
ERR12319363.1.2840150	9469	2645	2395	2402	2027	0	0	0	932	0	0	rs
ERR12319363.1.2848847	6972	1886	1719	1700	1667	0	0	0	716	0	0	rs
ERR12319363.1.2853577	3479	503	994	1004	978	0	0	0	362	0	0	rs
ERR12319363.1.2857740	2399	695	642	720	342	0	0	0	244	0	0	rs
ERR12319363.1.2863059	2306	322	646	683	655	0	0	0	268	0	0	rs
ERR12319363.1.2863732	1571	421	450	470	230	0	0	0	242	0	0	rs
ERR12319363.1.2867644	9557	2125	2515	2092	2825	0	0	0	628	0	0	rs
ERR12319363.1.2868281	6031	1554	1636	1676	1165	0	0	0	672	0	0	rs
ERR12319363.1.2874694	2904	478	821	811	794	0	0	0	292	0	0	rs
ERR12319363.1.2875984	14042	3268	3569	3506	3699	0	0	0	1072	0	0	rs
ERR12319363.1.2878659	2817	580	843	812	582	0	0	0	326	0	0	rs
ERR12319363.1.2898020	2392	459	682	679	572	0	0	0	250	0	0	rs
ERR12319363.1.2898940	14052	3409	3449	3713	3481	0	0	0	1560	0	0	rs
ERR12319363.1.2902794	10954	2557	2618	2713	3066	0	0	0	916	0	0	rs
ERR12319363.1.2906007	4101	677	1188	1214	1022	0	0	0	566	0	0	rs
ERR12319363.1.2909959	7110	1733	1866	1990	1521	0	0	0	814	0	0	rs
ERR12319363.1.2911384	9271	1849	2392	2386	2644	0	0	0	942	0	0	rs
ERR12319363.1.2912197	4518	777	1323	1281	1137	0	0	0	562	0	0	rs
ERR12319363.1.2917012	9126	2183	2082	2290	2571	0	0	0	810	0	0	rs
ERR12319363.1.2935641	4651	757	1382	1344	1168	0	0	0	616	0	0	rs
ERR12319363.1.2936607	3213	483	932	915	883	0	0	0	316	0	0	rs
ERR12319363.1.2941043	4805	805	1368	1401	1231	0	0	0	630	0	0	rs
ERR12319363.1.2960965	13194	3529	3101	3220	3344	0	0	0	1248	0	0	rs
ERR12319363.1.2963878	8438	1916	2122	2062	2338	0	0	0	852	0	0	rs
ERR12319363.1.2967859	11511	2984	2599	2742	3186	0	0	0	1174	0	0	rs
ERR12319363.1.2980031	7464	1708	1591	1921	2244	0	0	0	602	0	0	rs
ERR12319363.1.2981461	2434	465	674	679	616	0	0	0	244	0	0	rs
ERR12319363.1.2990104	2323	285	718	664	656	0	0	0	312	0	0	rs
ERR12319363.1.2990836	3700	869	1028	1080	723	0	0	0	380	0	0	rs
ERR12319363.1.3000554	12690	3643	2997	3168	2882	0	0	0	1206	0	0	rs
ERR12319363.1.3004775	5001	1329	1114	1216	1342	0	0	0	422	0	0	rs
ERR12319363.1.3004799	11209	2507	2789	2879	3034	0	0	0	1082	0	0	rs
ERR12319363.1.3017233	8175	2093	2246	2223	1613	0	0	0	890	0	0	rs
ERR12319363.1.3019922	3107	467	917	828	895	0	0	0	256	0	0	rs
ERR12319363.1.3023354	6507	1841	1552	1739	1375	0	0	0	586	0	0	rs
ERR12319363.1.3035579	12458	3496	3089	3066	2807	0	0	0	1096	0	0	rs
ERR12319363.1.3036507	8554	2074	2132	2455	1893	0	0	0	1048	0	0	rs
ERR12319363.1.3037935	2522	292	774	701	755	0	0	0	292	0	0	rs
ERR12319363.1.3042903	2288	429	671	647	541	0	0	0	278	0	0	rs
ERR12319363.1.3043528	3148	407	930	859	952	0	0	0	296	0	0	rs
ERR12319363.1.3043979	4431	1059	1249	1251	872	0	0	0	534	0	0	rs
ERR12319363.1.3046313	8912	2280	2202	2288	2142	0	0	0	952	0	0	rs
ERR12319363.1.3058797	5080	1141	1294	1341	1304	0	0	0	564	0	0	rs
ERR12319363.1.3062651	12499	2839	2406	3434	3820	0	0	0	976	0	0	rs
ERR12319363.1.3063069	3506	925	972	1008	601	0	0	0	310	0	0	rs
ERR12319363.1.3082145	4894	1248	1402	1433	811	0	0	0	594	0	0	rs
ERR12319363.1.3082383	2712	714	734	854	410	0	0	0	344	0	0	rs
ERR12319363.1.3087799	5154	1454	1345	1373	982	0	0	0	482	0	0	rs
ERR12319363.1.3115855	14570	4019	3511	3514	3526	0	0	0	1186	0	0	rs
ERR12319363.1.3116621	5227	892	1509	1454	1372	0	0	0	550	0	0	rs
ERR12319363.1.3118711	3539	800	976	933	830	0	0	0	380	0	0	rs
ERR12319363.1.3126750	3443	632	1011	955	845	0	0	0	348	0	0	rs
ERR12319363.1.3135560	5208	1366	1166	1126	1550	0	0	0	378	0	0	rs
ERR12319363.1.3149876	3322	941	917	876	588	0	0	0	380	0	0	rs
ERR12319363.1.3155578	15993	4238	3931	3669	4155	0	0	0	1498	0	0	rs
ERR12319363.1.3158032	3578	962	1018	1058	540	0	0	0	452	0	0	rs
ERR12319363.1.3176108	8284	1965	2182	1994	2143	0	0	0	704	0	0	rs
ERR12319363.1.3196121	9877	2717	2432	2274	2454	0	0	0	1044	0	0	rs
ERR12319363.1.3197171	4980	1141	1236	1223	1380	0	0	0	546	0	0	rs
ERR12319363.1.3208195	4468	1065	1283	1337	783	0	0	0	610	0	0	rs
ERR12319363.1.3211769	12048	2948	2958	2930	3212	0	0	0	1096	0	0	rs
ERR12319363.1.3226390	6413	1261	1769	1730	1653	0	0	0	750	0	0	rs
ERR12319363.1.3239037	6468	1323	1793	1742	1610	0	0	0	758	0	0	rs
ERR12319363.1.3242712	17106	4544	3899	4177	4486	0	0	0	1480	0	0	rs
ERR12319363.1.3250001	9583	2267	2344	2411	2561	0	0	0	792	0	0	rs
ERR12319363.1.3263866	3675	890	1014	1123	648	0	0	0	462	0	0	rs
ERR12319363.1.3272748	13260	3157	3461	3366	3276	0	0	0	1446	0	0	rs
ERR12319363.1.3294197	2714	588	782	776	568	0	0	0	294	0	0	rs
ERR12319363.1.3300900	19098	4538	4954	4788	4818	0	0	0	2000	0	0	rs
ERR12319363.1.3301234	8098	2140	2070	2137	1751	0	0	0	780	0	0	rs
ERR12319363.1.3303251	4514	939	1341	1147	1087	0	0	0	494	0	0	rs
ERR12319363.1.3308684	11685	2695	3223	2844	2923	0	0	0	1634	0	0	rs
ERR12319363.1.3351267	9726	2591	2250	2283	2602	0	0	0	860	0	0	rs
ERR12319363.1.3356570	6105	1673	1568	1600	1264	0	0	0	664	0	0	rs
ERR12319363.1.3362992	6690	1644	1759	1866	1421	0	0	0	822	0	0	rs
ERR12319363.1.3365397	2959	548	821	873	717	0	0	0	332	0	0	rs
ERR12319363.1.3387052	4312	958	1266	1236	852	0	0	0	624	0	0	rs
ERR12319363.1.3390500	4848	948	1440	1361	1099	0	0	0	610	0	0	rs
ERR12319363.1.3403736	4347	793	1247	1231	1076	0	0	0	578	0	0	rs
ERR12319363.1.3405152	4141	1035	1170	1188	748	0	0	0	494	0	0	rs
ERR12319363.1.3418005	4020	979	1153	1185	703	0	0	0	474	0	0	rs
ERR12319363.1.3443438	11056	2958	2716	2690	2692	0	0	0	1142	0	0	rs
ERR12319363.1.3443560	2194	274	688	618	614	0	0	0	292	0	0	rs
ERR12319363.1.3445942	3882	662	1143	1120	957	0	0	0	434	0	0	rs
ERR12319363.1.3460592	3781	649	1131	1133	868	0	0	0	564	0	0	rs
ERR12319363.1.3462675	13506	3398	3266	3319	3523	0	0	0	1332	0	0	rs
ERR12319363.1.3463830	3497	699	1018	849	931	0	0	0	414	0	0	rs
ERR12319363.1.3465505	3118	452	952	837	877	0	0	0	298	0	0	rs
ERR12319363.1.3470506	7659	1696	1895	1982	2086	0	0	0	842	0	0	rs
ERR12319363.1.3479916	9472	2176	2398	2360	2538	0	0	0	856	0	0	rs
ERR12319363.1.3488932	4700	1294	1170	1196	1040	0	0	0	502	0	0	rs
ERR12319363.1.3503807	6673	1695	1519	1602	1857	0	0	0	546	0	0	rs
ERR12319363.1.3504689	3812	927	1097	1110	678	0	0	0	530	0	0	rs
ERR12319363.1.3512784	4443	1286	1005	1161	991	0	0	0	428	0	0	rs
ERR12319363.1.3513316	2246	253	705	616	672	0	0	0	256	0	0	rs
ERR12319363.1.3530882	4359	1024	1175	1057	1103	0	0	0	468	0	0	rs
ERR12319363.1.3548736	12049	3924	2892	2388	2845	0	0	0	866	0	0	rs
ERR12319363.1.3550332	1881	257	591	516	517	0	0	0	264	0	0	rs
ERR12319363.1.3552722	3145	711	833	827	774	0	0	0	416	0	0	rs
ERR12319363.1.3554474	4836	1209	1357	1440	830	0	0	0	616	0	0	rs
ERR12319363.1.3560510	7476	1739	1976	1905	1856	0	0	0	756	0	0	rs
ERR12319363.1.3561884	2716	337	822	740	817	0	0	0	296	0	0	rs
ERR12319363.1.3563795	4413	811	1124	1313	1165	0	0	0	458	0	0	rs
ERR12319363.1.3564403	3669	905	925	977	862	0	0	0	372	0	0	rs
ERR12319363.1.3568667	5464	1540	1329	1501	1094	0	0	0	584	0	0	rs
ERR12319363.1.3576800	4591	1042	1302	1356	891	0	0	0	766	0	0	rs
ERR12319363.1.3578474	2586	798	715	776	297	0	0	0	258	0	0	rs
ERR12319363.1.3588357	7148	1579	1823	1724	2022	0	0	0	832	0	0	rs
ERR12319363.1.3593570	3623	521	1088	1008	1006	0	0	0	424	0	0	rs
ERR12319363.1.3598403	12437	3380	3038	3159	2860	0	0	0	1212	0	0	rs
ERR12319363.1.3604661	5957	1193	1647	1628	1489	0	0	0	720	0	0	rs
ERR12319363.1.3615108	10011	2797	2601	2575	2038	0	0	0	1004	0	0	rs
ERR12319363.1.3618705	4615	1016	1190	1158	1251	0	0	0	500	0	0	rs
ERR12319363.1.3624101	4681	870	1411	1306	1094	0	0	0	584	0	0	rs
ERR12319363.1.3630720	3840	835	1125	1130	750	0	0	0	524	0	0	rs
ERR12319363.1.3636621	6407	2030	1285	1529	1563	0	0	0	454	0	0	rs
ERR12319363.1.3638478	4676	1251	1232	1243	950	0	0	0	494	0	0	rs
ERR12319363.1.3642792	5616	1213	1363	1587	1453	0	0	0	600	0	0	rs
ERR12319363.1.3645921	3792	1062	1036	1129	565	0	0	0	390	0	0	rs
ERR12319363.1.3651707	3167	752	835	957	623	0	0	0	344	0	0	rs
ERR12319363.1.3653853	5149	1329	1286	1326	1208	0	0	0	516	0	0	rs
ERR12319363.1.3671514	8522	2373	1912	1974	2263	0	0	0	616	0	0	rs
ERR12319363.1.3676683	9312	2831	1848	2074	2559	0	0	0	630	0	0	rs
ERR12319363.1.3681891	3533	780	861	887	1005	0	0	0	348	0	0	rs
ERR12319363.1.3685776	8740	2220	2175	2365	1980	0	0	0	1050	0	0	rs
ERR12319363.1.3686714	3511	499	1045	908	1059	0	0	0	354	0	0	rs
ERR12319363.1.3690943	12943	3343	2822	2990	3788	0	0	0	1036	0	0	rs
ERR12319363.1.3699674	3768	939	1036	1122	671	0	0	0	410	0	0	rs
ERR12319363.1.3703115	1939	286	580	573	500	0	0	0	284	0	0	rs
ERR12319363.1.3712160	2470	664	684	696	426	0	0	0	192	0	0	rs
ERR12319363.1.3714402	3850	681	1104	1118	947	0	0	0	450	0	0	rs
ERR12319363.1.3716612	5026	1291	1407	1511	817	0	0	0	608	0	0	rs
ERR12319363.1.3717485	3415	898	996	995	526	0	0	0	392	0	0	rs
ERR12319363.1.3729309	15281	4196	3745	3787	3553	0	0	0	1502	0	0	rs
ERR12319363.1.3734156	3066	431	875	893	867	0	0	0	366	0	0	rs
ERR12319363.1.3734690	3405	869	959	976	601	0	0	0	372	0	0	rs
ERR12319363.1.3738055	4926	1287	1201	1387	1051	0	0	0	532	0	0	rs
ERR12319363.1.3743456	3531	927	990	1060	554	0	0	0	398	0	0	rs
ERR12319363.1.3773332	3089	912	825	876	476	0	0	0	304	0	0	rs
ERR12319363.1.3773376	1728	255	483	517	473	0	0	0	176	0	0	rs
ERR12319363.1.3784311	2818	726	784	806	502	0	0	0	328	0	0	rs
ERR12319363.1.3786266	6903	1951	1913	1736	1303	0	0	0	668	0	0	rs
ERR12319363.1.3794767	10215	2737	2578	2317	2583	0	0	0	886	0	0	rs
ERR12319363.1.3799894	4669	1125	1143	1153	1248	0	0	0	490	0	0	rs
ERR12319363.1.3804125	3968	992	1125	1186	665	0	0	0	452	0	0	rs
ERR12319363.1.3804348	3633	630	1069	1111	823	0	0	0	558	0	0	rs
ERR12319363.1.3825726	3484	648	925	1003	908	0	0	0	338	0	0	rs
ERR12319363.1.3843251	4116	948	1013	1145	1010	0	0	0	408	0	0	rs
ERR12319363.1.3846147	3646	710	1057	957	922	0	0	0	364	0	0	rs
ERR12319363.1.3849624	2733	680	811	777	465	0	0	0	368	0	0	rs
ERR12319363.1.3851896	4145	815	1248	1191	891	0	0	0	596	0	0	rs
ERR12319363.1.3858417	9031	2329	2451	2434	1817	0	0	0	862	0	0	rs
ERR12319363.1.3861229	8997	1797	2606	2243	2351	0	0	0	986	0	0	rs
ERR12319363.1.3862822	11484	2864	2880	2832	2908	0	0	0	1030	0	0	rs
ERR12319363.1.3865832	5653	1296	1424	1424	1509	0	0	0	584	0	0	rs
ERR12319363.1.3888405	4531	822	1322	1261	1126	0	0	0	550	0	0	rs
ERR12319363.1.3901600	12678	3366	2891	2885	3536	0	0	0	1122	0	0	rs
ERR12319363.1.3909750	7718	1929	2109	2171	1509	0	0	0	1024	0	0	rs
ERR12319363.1.3915251	11850	3134	2741	3238	2737	0	0	0	1332	0	0	rs
ERR12319363.1.3926206	10747	2925	2412	2768	2642	0	0	0	1050	0	0	rs
ERR12319363.1.3962728	2208	467	608	653	480	0	0	0	210	0	0	rs
ERR12319363.1.3975794	7308	1744	1742	1818	2004	0	0	0	728	0	0	rs
ERR12319363.1.3979253	13877	3385	3248	3592	3652	0	0	0	1384	0	0	rs
ERR12319363.1.3986770	6715	1358	1907	1787	1663	0	0	0	766	0	0	rs
ERR12319363.1.3986985	1838	303	580	521	434	0	0	0	240	0	0	rs
ERR12319363.1.3989239	1851	513	515	517	306	0	0	0	152	0	0	rs
ERR12319363.1.3997419	4315	789	1261	1246	1019	0	0	0	554	0	0	rs
ERR12319363.1.4009732	3905	907	899	1060	1039	0	0	0	302	0	0	rs
ERR12319363.1.4015212	1900	576	515	581	228	0	0	0	218	0	0	rs
ERR12319363.1.4032672	5627	1186	1451	1475	1515	0	0	0	464	0	0	rs
ERR12319363.1.4034283	4489	791	1338	1249	1111	0	0	0	536	0	0	rs
ERR12319363.1.4042824	11920	2614	3041	3274	2991	0	0	0	1368	0	0	rs
ERR12319363.1.4057286	8923	2055	2243	2312	2313	0	0	0	1102	0	0	rs
ERR12319363.1.4063731	3776	924	1053	1155	644	0	0	0	436	0	0	rs
ERR12319363.1.4083643	2155	262	675	561	657	0	0	0	220	0	0	rs
ERR12319363.1.4087403	13353	3842	3253	2900	3358	0	0	0	1148	0	0	rs
ERR12319363.1.4090222	7065	1839	1843	2025	1358	0	0	0	756	0	0	rs
ERR12319363.1.4090792	10332	2607	2620	2672	2433	0	0	0	1002	0	0	rs
ERR12319363.1.4090950	9366	2310	2487	2438	2131	0	0	0	990	0	0	rs
ERR12319363.1.4105044	3203	472	943	874	914	0	0	0	310	0	0	rs
ERR12319363.1.4118133	11662	3905	2159	2000	3598	0	0	0	590	0	0	rs
ERR12319363.1.4122218	5417	1494	1110	1225	1588	0	0	0	412	0	0	rs
ERR12319363.1.4122758	4397	1053	1041	1074	1229	0	0	0	332	0	0	rs
ERR12319363.1.4124798	3719	682	1069	1063	905	0	0	0	480	0	0	rs
ERR12319363.1.4128456	3294	393	988	902	1011	0	0	0	360	0	0	rs
ERR12319363.1.4130637	9801	2292	2464	2432	2613	0	0	0	942	0	0	rs
ERR12319363.1.4136068	5400	1039	1438	1448	1475	0	0	0	514	0	0	rs
ERR12319363.1.4139287	5829	1234	1557	1514	1524	0	0	0	574	0	0	rs
ERR12319363.1.4141234	5455	1405	1531	1506	1013	0	0	0	580	0	0	rs
ERR12319363.1.4143146	6343	1510	1675	1668	1490	0	0	0	668	0	0	rs
ERR12319363.1.4159853	4315	800	1216	1222	1077	0	0	0	534	0	0	rs
ERR12319363.1.4165007	3432	756	947	1010	719	0	0	0	390	0	0	rs
ERR12319363.1.4175681	12515	3007	3223	3019	3266	0	0	0	1196	0	0	rs
ERR12319363.1.4200565	2841	575	808	791	667	0	0	0	212	0	0	rs
ERR12319363.1.4204777	4841	1245	1177	1255	1164	0	0	0	428	0	0	rs
ERR12319363.1.4215938	12074	2598	3337	3293	2846	0	0	0	1474	0	0	rs
ERR12319363.1.4217473	4308	705	1283	1219	1101	0	0	0	532	0	0	rs
ERR12319363.1.4221339	3295	820	938	913	624	0	0	0	294	0	0	rs
ERR12319363.1.4224291	3296	620	978	912	786	0	0	0	318	0	0	rs
ERR12319363.1.4232910	11765	3772	2895	2773	2325	0	0	0	1058	0	0	rs
ERR12319363.1.4234054	3949	1047	1100	1178	624	0	0	0	414	0	0	rs
ERR12319363.1.4241068	4320	1024	1056	1201	1039	0	0	0	488	0	0	rs
ERR12319363.1.4247946	4895	882	1470	1111	1432	0	0	0	474	0	0	rs
ERR12319363.1.4266127	3462	635	1001	972	854	0	0	0	400	0	0	rs
ERR12319363.1.4269579	6894	1747	1730	1626	1791	0	0	0	730	0	0	rs
ERR12319363.1.4270212	12193	2680	2831	3149	3533	0	0	0	908	0	0	rs
ERR12319363.1.4284619	8394	2078	2259	2003	2054	0	0	0	1082	0	0	rs
ERR12319363.1.4303998	12537	2907	3057	3037	3536	0	0	0	1170	0	0	rs
ERR12319363.1.4305779	5353	1008	1352	1411	1582	0	0	0	458	0	0	rs
ERR12319363.1.4316051	4759	1199	1298	1427	835	0	0	0	566	0	0	rs
ERR12319363.1.4321541	7092	1974	1886	1853	1379	0	0	0	652	0	0	rs
ERR12319363.1.4323539	15598	4750	2731	2911	5206	0	0	0	870	0	0	rs
ERR12319363.1.4326329	8691	1930	2161	2214	2386	0	0	0	886	0	0	rs
ERR12319363.1.4336126	3106	719	839	949	599	0	0	0	352	0	0	rs
ERR12319363.1.4337921	7968	2067	2152	2056	1693	0	0	0	874	0	0	rs
ERR12319363.1.4342695	8589	2261	2077	2141	2110	0	0	0	900	0	0	rs
ERR12319363.1.4367470	2934	354	903	789	888	0	0	0	320	0	0	rs
ERR12319363.1.4370285	7411	2076	1843	1721	1771	0	0	0	642	0	0	rs
ERR12319363.1.4377881	4220	1069	1142	1068	941	0	0	0	462	0	0	rs
ERR12319363.1.4379298	5166	1080	1340	1325	1421	0	0	0	490	0	0	rs
ERR12319363.1.4383365	2702	588	784	727	603	0	0	0	320	0	0	rs
ERR12319363.1.4389665	15082	3711	3831	3568	3972	0	0	0	1514	0	0	rs
ERR12319363.1.4414026	4892	1201	1278	1377	1036	0	0	0	534	0	0	rs
ERR12319363.1.4415436	4712	1334	1155	1178	1045	0	0	0	518	0	0	rs
ERR12319363.1.4419974	4379	1069	1268	1275	767	0	0	0	548	0	0	rs
ERR12319363.1.4427304	3112	596	885	871	760	0	0	0	284	0	0	rs
ERR12319363.1.4436662	2304	464	678	662	500	0	0	0	302	0	0	rs
ERR12319363.1.4440693	7618	1609	2059	2078	1872	0	0	0	818	0	0	rs
ERR12319363.1.4470498	6859	1336	1838	1714	1971	0	0	0	610	0	0	rs
ERR12319363.1.4484191	8947	2464	2229	2086	2168	0	0	0	694	0	0	rs
ERR12319363.1.4485873	5949	1464	1662	1584	1239	0	0	0	638	0	0	rs
ERR12319363.1.4501356	8230	1969	2185	2173	1903	0	0	0	838	0	0	rs
ERR12319363.1.4505916	2889	350	890	776	873	0	0	0	328	0	0	rs
ERR12319363.1.4508570	2505	446	705	693	661	0	0	0	224	0	0	rs
ERR12319363.1.4534964	11233	2708	2726	2838	2961	0	0	0	1118	0	0	rs
ERR12319363.1.4536423	4185	1108	1177	1228	672	0	0	0	520	0	0	rs
ERR12319363.1.4551905	5119	1222	1451	1444	1002	0	0	0	664	0	0	rs
ERR12319363.1.4552943	6762	1725	1644	1794	1599	0	0	0	606	0	0	rs
ERR12319363.1.4554947	4336	872	1286	1176	1002	0	0	0	578	0	0	rs
ERR12319363.1.4557985	4392	1068	1267	1215	842	0	0	0	528	0	0	rs
ERR12319363.1.4581397	2956	456	817	910	773	0	0	0	410	0	0	rs
ERR12319363.1.4581739	12983	3167	3265	3099	3452	0	0	0	1340	0	0	rs
ERR12319363.1.4602157	10309	2959	2473	2208	2669	0	0	0	804	0	0	rs
ERR12319363.1.4606965	4210	707	1300	1185	1018	0	0	0	572	0	0	rs
ERR12319363.1.4616714	8816	2203	2107	2321	2185	0	0	0	866	0	0	rs
ERR12319363.1.4619653	19053	5145	4721	4527	4660	0	0	0	1788	0	0	rs
ERR12319363.1.4627984	4801	1050	1088	1141	1522	0	0	0	394	0	0	rs
ERR12319363.1.4637493	5133	984	1448	1402	1299	0	0	0	564	0	0	rs
ERR12319363.1.4641051	4197	1174	1030	961	1032	0	0	0	360	0	0	rs
ERR12319363.1.4642960	5687	1314	1446	1474	1453	0	0	0	618	0	0	rs
ERR12319363.1.4652678	8469	1806	2135	2053	2475	0	0	0	678	0	0	rs
ERR12319363.1.4659758	5888	1132	1670	1571	1515	0	0	0	636	0	0	rs
ERR12319363.1.4669146	4048	926	1161	1184	777	0	0	0	506	0	0	rs
ERR12319363.1.4672346	3996	1038	1124	1194	640	0	0	0	482	0	0	rs
ERR12319363.1.4675426	2415	537	715	673	490	0	0	0	294	0	0	rs
ERR12319363.1.4677702	10166	2792	2538	2353	2483	0	0	0	926	0	0	rs
ERR12319363.1.4687337	4157	698	1225	1175	1059	0	0	0	542	0	0	rs
ERR12319363.1.4688207	12892	4773	2001	2554	3564	0	0	0	484	0	0	rs
ERR12319363.1.4689569	15221	3867	3549	3832	3973	0	0	0	1572	0	0	rs
ERR12319363.1.4700586	3584	633	1121	968	862	0	0	0	448	0	0	rs
ERR12319363.1.4700826	5184	1137	1346	1364	1337	0	0	0	500	0	0	rs
ERR12319363.1.4703588	7229	1525	1901	1904	1899	0	0	0	694	0	0	rs
ERR12319363.1.4714137	4782	1005	1004	1432	1341	0	0	0	534	0	0	rs
ERR12319363.1.4716916	4039	715	1195	1133	996	0	0	0	480	0	0	rs
ERR12319363.1.4720688	6768	1683	1556	1706	1823	0	0	0	716	0	0	rs
ERR12319363.1.4726444	9302	2309	2424	2415	2154	0	0	0	938	0	0	rs
ERR12319363.1.4730511	3939	688	1079	1023	1149	0	0	0	424	0	0	rs
ERR12319363.1.4736516	14717	3974	3244	3367	4132	0	0	0	1322	0	0	rs
ERR12319363.1.4749784	15448	4648	4077	3691	3032	0	0	0	1416	0	0	rs
ERR12319363.1.4753103	4702	805	1345	1363	1189	0	0	0	572	0	0	rs
ERR12319363.1.4763521	4998	1303	1392	1448	855	0	0	0	602	0	0	rs
ERR12319363.1.4783427	4317	1040	1137	1243	897	0	0	0	378	0	0	rs
ERR12319363.1.4784183	3557	869	1039	1006	643	0	0	0	374	0	0	rs
ERR12319363.1.4784890	5940	1279	1377	1488	1796	0	0	0	542	0	0	rs
ERR12319363.1.4787279	12227	2861	3293	3258	2815	0	0	0	1286	0	0	rs
ERR12319363.1.4789451	4172	764	1205	1225	978	0	0	0	558	0	0	rs
ERR12319363.1.4789985	6019	1609	1413	1459	1538	0	0	0	542	0	0	rs
ERR12319363.1.4793379	14933	3697	3710	3605	3921	0	0	0	1406	0	0	rs
ERR12319363.1.4804039	4883	1162	1207	1191	1323	0	0	0	452	0	0	rs
ERR12319363.1.4806143	3370	582	1002	968	818	0	0	0	426	0	0	rs
ERR12319363.1.4813828	13285	4460	2140	2451	4234	0	0	0	496	0	0	rs
ERR12319363.1.4814895	16181	4130	3974	4064	4013	0	0	0	1574	0	0	rs
ERR12319363.1.4827747	4139	731	1203	1213	992	0	0	0	558	0	0	rs
ERR12319363.1.4848624	4199	699	1236	1196	1068	0	0	0	526	0	0	rs
ERR12319363.1.4849329	1199	158	368	365	308	0	0	0	216	0	0	rs
ERR12319363.1.4850832	17533	3787	4300	4717	4729	0	0	0	1962	0	0	rs
ERR12319363.1.4853127	5555	1382	1530	1533	1110	0	0	0	644	0	0	rs
ERR12319363.1.4862100	3155	522	880	869	884	0	0	0	326	0	0	rs
ERR12319363.1.4862188	4742	1050	1416	1366	910	0	0	0	588	0	0	rs
ERR12319363.1.4869392	4749	1138	1311	1267	1033	0	0	0	462	0	0	rs
ERR12319363.1.4871310	3903	699	1122	1107	975	0	0	0	532	0	0	rs
ERR12319363.1.4891002	13018	3203	3260	3195	3360	0	0	0	1402	0	0	rs
ERR12319363.1.4897101	4198	1064	1181	1219	734	0	0	0	520	0	0	rs
ERR12319363.1.4897393	7094	1716	1562	1877	1939	0	0	0	666	0	0	rs
ERR12319363.1.4902913	2340	579	534	609	618	0	0	0	198	0	0	rs
ERR12319363.1.4917781	12971	3531	2959	2755	3726	0	0	0	1424	0	0	rs
ERR12319363.1.4920569	2200	605	586	556	453	0	0	0	240	0	0	rs
ERR12319363.1.4920863	6764	1818	1615	1586	1745	0	0	0	684	0	0	rs
ERR12319363.1.4926625	6639	1681	1679	1674	1605	0	0	0	650	0	0	rs
ERR12319363.1.4927314	6055	1450	1475	1575	1555	0	0	0	584	0	0	rs
ERR12319363.1.4927630	2322	671	638	715	298	0	0	0	280	0	0	rs
ERR12319363.1.4930398	3975	991	1124	1183	677	0	0	0	528	0	0	rs
ERR12319363.1.4931542	13246	3626	3361	3048	3211	0	0	0	1270	0	0	rs
ERR12319363.1.4937307	4313	1208	1062	1070	973	0	0	0	458	0	0	rs
ERR12319363.1.4940796	6436	1862	1544	1765	1265	0	0	0	676	0	0	rs
ERR12319363.1.4941171	3415	995	963	986	471	0	0	0	370	0	0	rs
ERR12319363.1.4959119	2408	509	711	685	503	0	0	0	310	0	0	rs
ERR12319363.1.4990653	7378	1934	1841	1910	1693	0	0	0	638	0	0	rs
ERR12319363.1.4999668	9386	2490	2373	2338	2185	0	0	0	1070	0	0	rs
ERR12319363.1.5014816	6128	1493	1742	1727	1166	0	0	0	530	0	0	rs
ERR12319363.1.5053926	4750	817	1420	1316	1197	0	0	0	580	0	0	rs
ERR12319363.1.5066604	2557	780	694	786	297	0	0	0	284	0	0	rs
ERR12319363.1.5067260	4567	1142	1296	1364	765	0	0	0	558	0	0	rs
ERR12319363.1.5074871	3954	969	1132	1175	678	0	0	0	520	0	0	rs
ERR12319363.1.5078567	2471	626	628	655	562	0	0	0	352	0	0	rs
ERR12319363.1.5079106	3449	851	989	976	633	0	0	0	364	0	0	rs
ERR12319363.1.5091090	4502	1100	1251	1322	829	0	0	0	560	0	0	rs
ERR12319363.1.5099752	5155	930	1498	1459	1268	0	0	0	624	0	0	rs
ERR12319363.1.5102939	10890	2641	2740	2697	2812	0	0	0	1138	0	0	rs
ERR12319363.1.5124130	3748	968	1026	1088	666	0	0	0	358	0	0	rs
ERR12319363.1.5129881	6415	1587	1525	1651	1652	0	0	0	690	0	0	rs
ERR12319363.1.5137422	7797	1982	1960	2095	1760	0	0	0	874	0	0	rs
ERR12319363.1.5149772	17700	4841	4314	3959	4586	0	0	0	1614	0	0	rs
ERR12319363.1.5162690	5599	1553	1348	1470	1228	0	0	0	524	0	0	rs
ERR12319363.1.5165404	9005	1940	2288	2294	2483	0	0	0	854	0	0	rs
ERR12319363.1.5211590	7045	2070	1500	1159	2316	0	0	0	342	0	0	rs
ERR12319363.1.5220676	8668	1876	2275	2390	2127	0	0	0	956	0	0	rs
ERR12319363.1.5228936	3237	800	915	929	593	0	0	0	332	0	0	rs
ERR12319363.1.5231379	3698	639	1075	1037	947	0	0	0	374	0	0	rs
ERR12319363.1.5232724	3992	747	1157	1122	966	0	0	0	500	0	0	rs
ERR12319363.1.5234051	1895	278	557	558	502	0	0	0	272	0	0	rs
ERR12319363.1.5245849	3537	750	983	1081	723	0	0	0	426	0	0	rs
ERR12319363.1.5247263	4548	801	1354	1259	1134	0	0	0	524	0	0	rs
ERR12319363.1.5267303	2586	513	768	727	578	0	0	0	316	0	0	rs
ERR12319363.1.5269989	3460	869	799	938	854	0	0	0	342	0	0	rs
ERR12319363.1.5275138	3431	905	924	1001	601	0	0	0	358	0	0	rs
ERR12319363.1.5278356	2467	370	721	682	694	0	0	0	286	0	0	rs
ERR12319363.1.5280716	16642	4382	4129	4004	4127	0	0	0	1602	0	0	rs
ERR12319363.1.5284632	2393	697	665	719	312	0	0	0	298	0	0	rs
ERR12319363.1.5289334	5501	1225	1407	1544	1325	0	0	0	546	0	0	rs
ERR12319363.1.5309836	16496	4802	2813	3101	5780	0	0	0	500	0	0	rs
ERR12319363.1.5318916	3258	897	911	957	493	0	0	0	386	0	0	rs
ERR12319363.1.5327724	3685	786	1090	1049	760	0	0	0	468	0	0	rs
ERR12319363.1.5329340	4677	839	1401	1347	1090	0	0	0	594	0	0	rs
ERR12319363.1.5331390	2565	476	749	741	599	0	0	0	320	0	0	rs
ERR12319363.1.5331685	10582	2676	2689	2640	2577	0	0	0	1076	0	0	rs
ERR12319363.1.5340715	2499	738	689	737	335	0	0	0	302	0	0	rs
ERR12319363.1.5345416	3583	916	1031	1035	601	0	0	0	434	0	0	rs
ERR12319363.1.5360720	3239	761	895	964	619	0	0	0	348	0	0	rs
ERR12319363.1.5370814	4076	1043	1133	1161	739	0	0	0	390	0	0	rs
ERR12319363.1.5375172	14595	3822	3438	3332	4003	0	0	0	1290	0	0	rs
ERR12319363.1.5381169	5836	1470	1639	1673	1054	0	0	0	688	0	0	rs
ERR12319363.1.5383470	3155	617	879	919	740	0	0	0	352	0	0	rs
ERR12319363.1.5384923	5112	1408	1345	1240	1119	0	0	0	546	0	0	rs
ERR12319363.1.5385517	8754	2207	2466	2191	1890	0	0	0	930	0	0	rs
ERR12319363.1.5387683	4778	1084	962	1235	1497	0	0	0	270	0	0	rs
ERR12319363.1.5406568	6043	1469	1609	1567	1398	0	0	0	666	0	0	rs
ERR12319363.1.5412421	3900	969	1113	1143	675	0	0	0	416	0	0	rs
ERR12319363.1.5417285	9299	2201	2476	2185	2437	0	0	0	1084	0	0	rs
ERR12319363.1.5423297	5872	1660	1287	1661	1264	0	0	0	532	0	0	rs
ERR12319363.1.5424314	4936	856	1478	1395	1207	0	0	0	574	0	0	rs
ERR12319363.1.5426937	2624	540	715	751	618	0	0	0	248	0	0	rs
ERR12319363.1.5427527	2975	441	901	807	826	0	0	0	312	0	0	rs
ERR12319363.1.5436906	2151	254	658	609	630	0	0	0	232	0	0	rs
ERR12319363.1.5438774	4523	821	1319	1280	1103	0	0	0	548	0	0	rs
ERR12319363.1.5451498	9654	2371	2402	2608	2273	0	0	0	1088	0	0	rs
ERR12319363.1.5458073	4274	799	1216	1212	1047	0	0	0	526	0	0	rs
ERR12319363.1.5480168	4817	1203	1240	1107	1267	0	0	0	446	0	0	rs
ERR12319363.1.5486245	7527	1816	1898	2011	1802	0	0	0	764	0	0	rs
ERR12319363.1.5490283	8429	1981	2099	1944	2405	0	0	0	726	0	0	rs
ERR12319363.1.5514335	10665	2402	2738	2764	2761	0	0	0	1202	0	0	rs
ERR12319363.1.5516665	4271	1009	1186	1200	876	0	0	0	422	0	0	rs
ERR12319363.1.5519999	12132	3131	2697	2849	3455	0	0	0	816	0	0	rs
ERR12319363.1.5522206	3174	579	922	929	744	0	0	0	400	0	0	rs
ERR12319363.1.5526890	7532	1800	1929	2013	1790	0	0	0	804	0	0	rs
ERR12319363.1.5527056	4566	733	1343	1321	1169	0	0	0	576	0	0	rs
ERR12319363.1.5527755	3965	927	1144	1132	762	0	0	0	518	0	0	rs
ERR12319363.1.5530883	3204	912	888	957	447	0	0	0	370	0	0	rs
ERR12319363.1.5538623	3234	710	1002	876	646	0	0	0	358	0	0	rs
ERR12319363.1.5540892	4041	1039	1124	1219	659	0	0	0	466	0	0	rs
ERR12319363.1.5543379	2492	310	775	704	703	0	0	0	326	0	0	rs
ERR12319363.1.5548346	4864	932	1449	1376	1107	0	0	0	642	0	0	rs
ERR12319363.1.5553920	7205	1828	1804	1838	1735	0	0	0	784	0	0	rs
ERR12319363.1.5558840	1824	397	543	544	340	0	0	0	260	0	0	rs
ERR12319363.1.5559266	9283	2349	2473	2354	2107	0	0	0	1024	0	0	rs
ERR12319363.1.5565170	3545	558	1098	992	897	0	0	0	450	0	0	rs
ERR12319363.1.5566167	12333	3226	3143	2908	3056	0	0	0	1014	0	0	rs
ERR12319363.1.5578034	2579	742	718	793	326	0	0	0	320	0	0	rs
ERR12319363.1.5578920	18004	4203	4067	4729	5005	0	0	0	1572	0	0	rs
ERR12319363.1.5584133	5202	1227	1199	1379	1397	0	0	0	554	0	0	rs
ERR12319363.1.5587067	2521	358	753	689	721	0	0	0	240	0	0	rs
ERR12319363.1.5591006	16450	4131	4059	3819	4441	0	0	0	1524	0	0	rs
ERR12319363.1.5598690	20611	5602	5348	4697	4964	0	0	0	2038	0	0	rs
ERR12319363.1.5603354	3757	955	1043	1118	641	0	0	0	394	0	0	rs
ERR12319363.1.5608849	3360	875	930	937	618	0	0	0	262	0	0	rs
ERR12319363.1.5610030	5657	1007	1628	1491	1531	0	0	0	564	0	0	rs
ERR12319363.1.5612576	13719	3324	3488	3524	3383	0	0	0	1374	0	0	rs
ERR12319363.1.5614475	10898	2724	2575	2579	3020	0	0	0	880	0	0	rs
ERR12319363.1.5619036	2779	611	799	822	547	0	0	0	322	0	0	rs
ERR12319363.1.5623024	5514	1130	1551	1553	1280	0	0	0	648	0	0	rs
ERR12319363.1.5637630	9346	2398	2153	2521	2274	0	0	0	856	0	0	rs
ERR12319363.1.5640359	5040	1334	1467	1189	1050	0	0	0	544	0	0	rs
ERR12319363.1.5662013	2785	539	791	819	636	0	0	0	336	0	0	rs
ERR12319363.1.5667087	2662	697	788	607	570	0	0	0	306	0	0	rs
ERR12319363.1.5667470	4244	732	1201	1268	1043	0	0	0	564	0	0	rs
ERR12319363.1.5692251	7102	1896	1865	1666	1675	0	0	0	670	0	0	rs
ERR12319363.1.5694938	4640	1062	1354	1305	919	0	0	0	562	0	0	rs
ERR12319363.1.5702495	2301	288	690	640	683	0	0	0	262	0	0	rs
ERR12319363.1.5703835	5560	1307	1400	1525	1328	0	0	0	642	0	0	rs
ERR12319363.1.5706738	5846	1170	1482	1509	1685	0	0	0	612	0	0	rs
ERR12319363.1.5712517	13334	3018	3222	3310	3784	0	0	0	1268	0	0	rs
ERR12319363.1.5725195	2484	543	708	722	511	0	0	0	308	0	0	rs
ERR12319363.1.5732134	6683	1353	1780	1793	1757	0	0	0	674	0	0	rs
ERR12319363.1.5738342	14048	3763	3261	3561	3463	0	0	0	1398	0	0	rs
ERR12319363.1.5740575	13413	3155	3292	3207	3759	0	0	0	1292	0	0	rs
ERR12319363.1.5741551	3258	497	950	920	891	0	0	0	380	0	0	rs
ERR12319363.1.5742224	4765	886	1345	1315	1219	0	0	0	560	0	0	rs
ERR12319363.1.5752155	2590	522	745	764	559	0	0	0	334	0	0	rs
ERR12319363.1.5759020	6043	1098	1724	1709	1512	0	0	0	782	0	0	rs
ERR12319363.1.5765227	4665	1058	1215	1250	1142	0	0	0	484	0	0	rs
ERR12319363.1.5770116	7019	1567	1313	1904	2235	0	0	0	544	0	0	rs
ERR12319363.1.5770594	5205	1073	1503	1354	1275	0	0	0	548	0	0	rs
ERR12319363.1.5774271	3352	480	954	965	953	0	0	0	382	0	0	rs
ERR12319363.1.5786490	2695	419	764	758	754	0	0	0	314	0	0	rs
ERR12319363.1.5790471	4614	1137	1330	1327	820	0	0	0	572	0	0	rs
ERR12319363.1.5794725	9677	2260	2504	2624	2289	0	0	0	1082	0	0	rs
ERR12319363.1.5797598	15966	4273	4078	4005	3610	0	0	0	1720	0	0	rs
ERR12319363.1.5807902	6368	1598	1604	1489	1677	0	0	0	714	0	0	rs
ERR12319363.1.5817040	12045	2976	2695	2667	3707	0	0	0	920	0	0	rs
ERR12319363.1.5822538	4555	1098	1282	1330	845	0	0	0	520	0	0	rs
ERR12319363.1.5827084	7675	1687	1766	2050	2172	0	0	0	682	0	0	rs
ERR12319363.1.5828373	6731	1474	1661	1735	1861	0	0	0	508	0	0	rs
ERR12319363.1.5829783	5294	900	1543	1511	1340	0	0	0	620	0	0	rs
ERR12319363.1.5837171	5799	1388	1616	1602	1193	0	0	0	716	0	0	rs
ERR12319363.1.5840374	4529	847	1301	1341	1040	0	0	0	560	0	0	rs
ERR12319363.1.5843994	3451	947	968	1019	517	0	0	0	390	0	0	rs
ERR12319363.1.5846828	2187	322	629	619	617	0	0	0	252	0	0	rs
ERR12319363.1.5847650	4637	939	1283	1298	1117	0	0	0	564	0	0	rs
ERR12319363.1.5864512	3651	986	997	1089	579	0	0	0	360	0	0	rs
ERR12319363.1.5871549	2622	764	703	800	355	0	0	0	306	0	0	rs
ERR12319363.1.5872424	6538	1649	1720	1597	1572	0	0	0	774	0	0	rs
ERR12319363.1.5885608	4167	1088	918	1018	1143	0	0	0	446	0	0	rs
ERR12319363.1.5889532	7938	1973	2119	2153	1693	0	0	0	796	0	0	rs
ERR12319363.1.5890466	6764	1679	1799	1834	1452	0	0	0	738	0	0	rs
ERR12319363.1.5893667	4682	1013	1330	1314	1025	0	0	0	536	0	0	rs
ERR12319363.1.5895303	5272	840	1538	1513	1381	0	0	0	672	0	0	rs
ERR12319363.1.5897395	4477	824	1376	1236	1041	0	0	0	544	0	0	rs
ERR12319363.1.5926232	2759	323	817	780	839	0	0	0	306	0	0	rs
ERR12319363.1.5933130	1958	542	536	624	256	0	0	0	276	0	0	rs
ERR12319363.1.5934251	5695	1420	1643	1654	978	0	0	0	676	0	0	rs
ERR12319363.1.5942519	4270	726	1281	1195	1068	0	0	0	502	0	0	rs
ERR12319363.1.5943712	4101	993	1178	1252	678	0	0	0	546	0	0	rs
ERR12319363.1.5947228	6141	1403	1610	1515	1613	0	0	0	576	0	0	rs
ERR12319363.1.5948533	2963	387	942	795	839	0	0	0	320	0	0	rs
ERR12319363.1.5955491	7665	1940	1939	1968	1818	0	0	0	780	0	0	rs
ERR12319363.1.5958769	5193	1249	1483	1531	930	0	0	0	654	0	0	rs
ERR12319363.1.5968195	1975	591	552	589	243	0	0	0	238	0	0	rs
ERR12319363.1.5969317	4133	1009	1114	1028	982	0	0	0	440	0	0	rs
ERR12319363.1.5974787	8739	2133	2279	2235	2092	0	0	0	952	0	0	rs
ERR12319363.1.5981624	10684	2578	2662	2553	2891	0	0	0	982	0	0	rs
ERR12319363.1.5984405	5437	1142	1549	1454	1292	0	0	0	710	0	0	rs
ERR12319363.1.5986582	5069	1183	1299	1235	1352	0	0	0	438	0	0	rs
ERR12319363.1.5992819	3955	725	1162	1176	892	0	0	0	524	0	0	rs
ERR12319363.1.5996058	2866	712	801	847	506	0	0	0	290	0	0	rs
ERR12319363.1.5997107	2994	517	848	859	770	0	0	0	282	0	0	rs
ERR12319363.1.6001922	4313	1129	1211	1289	684	0	0	0	496	0	0	rs
ERR12319363.1.6002542	4380	785	1317	1247	1031	0	0	0	552	0	0	rs
ERR12319363.1.6005009	4770	798	1374	1331	1267	0	0	0	548	0	0	rs
ERR12319363.1.6007064	2503	422	737	676	668	0	0	0	232	0	0	rs
ERR12319363.1.6028917	8649	2212	2048	2460	1929	0	0	0	852	0	0	rs
ERR12319363.1.6032462	1391	353	423	418	197	0	0	0	218	0	0	rs
ERR12319363.1.6039129	9753	2345	2410	2330	2668	0	0	0	966	0	0	rs
ERR12319363.1.6048346	2923	489	792	801	841	0	0	0	344	0	0	rs
ERR12319363.1.6050150	4273	965	1249	1305	754	0	0	0	640	0	0	rs
ERR12319363.1.6055244	7133	1569	1988	1619	1957	0	0	0	712	0	0	rs
ERR12319363.1.6059796	11486	3202	2568	3014	2702	0	0	0	1042	0	0	rs
ERR12319363.1.6060984	17310	4845	3837	2963	5665	0	0	0	1236	0	0	rs
ERR12319363.1.6070752	6363	1670	1731	1766	1196	0	0	0	674	0	0	rs
ERR12319363.1.6080565	4208	1079	1192	1280	657	0	0	0	580	0	0	rs
ERR12319363.1.6085898	3753	543	1053	1067	1090	0	0	0	384	0	0	rs
ERR12319363.1.6097758	3892	1145	1029	1026	692	0	0	0	414	0	0	rs
ERR12319363.1.6098254	2918	756	805	835	522	0	0	0	284	0	0	rs
ERR12319363.1.6103534	7767	1635	2150	1928	2054	0	0	0	740	0	0	rs
ERR12319363.1.6107494	11372	2843	2396	2259	3874	0	0	0	820	0	0	rs
ERR12319363.1.6109835	3547	656	1020	1032	839	0	0	0	434	0	0	rs
ERR12319363.1.6117743	2909	391	828	828	862	0	0	0	336	0	0	rs
ERR12319363.1.6123857	12357	3412	2914	3208	2823	0	0	0	1196	0	0	rs
ERR12319363.1.6128367	18444	4428	4525	4385	5106	0	0	0	1686	0	0	rs
ERR12319363.1.6131464	7769	1851	2051	2085	1782	0	0	0	754	0	0	rs
ERR12319363.1.6155202	2916	515	851	861	689	0	0	0	378	0	0	rs
ERR12319363.1.6155242	6494	1715	1726	1814	1239	0	0	0	728	0	0	rs
ERR12319363.1.6171799	4241	828	1080	1121	1212	0	0	0	422	0	0	rs
ERR12319363.1.6176533	4777	1049	1247	1170	1311	0	0	0	488	0	0	rs
ERR12319363.1.6177270	4803	1281	1371	1252	899	0	0	0	464	0	0	rs
ERR12319363.1.6193188	12462	3383	2932	3015	3132	0	0	0	1180	0	0	rs
ERR12319363.1.6195439	4264	1040	1208	1269	747	0	0	0	518	0	0	rs
ERR12319363.1.6197227	1954	223	595	566	570	0	0	0	248	0	0	rs
ERR12319363.1.6205543	3508	957	987	987	577	0	0	0	296	0	0	rs
ERR12319363.1.6221537	3668	600	1095	1047	926	0	0	0	494	0	0	rs
ERR12319363.1.6224148	7054	1698	1921	1886	1549	0	0	0	896	0	0	rs
ERR12319363.1.6225027	2633	484	744	773	632	0	0	0	334	0	0	rs
ERR12319363.1.6230663	5620	1062	1525	1552	1481	0	0	0	734	0	0	rs
ERR12319363.1.6236245	9838	2473	2366	2314	2685	0	0	0	838	0	0	rs
ERR12319363.1.6253086	3648	659	1087	1066	836	0	0	0	520	0	0	rs
ERR12319363.1.6253582	4096	999	1246	1171	680	0	0	0	560	0	0	rs
ERR12319363.1.6258122	3444	880	1003	1030	531	0	0	0	462	0	0	rs
ERR12319363.1.6283430	3625	690	1002	1078	855	0	0	0	386	0	0	rs
ERR12319363.1.6304392	4378	1378	1066	1099	835	0	0	0	430	0	0	rs
ERR12319363.1.6313836	13194	3639	3123	3135	3297	0	0	0	1262	0	0	rs
ERR12319363.1.6334408	4132	867	1001	1064	1200	0	0	0	478	0	0	rs
ERR12319363.1.6344335	4004	643	1150	1154	1057	0	0	0	504	0	0	rs
ERR12319363.1.6369516	4742	1201	1151	1337	1053	0	0	0	590	0	0	rs
ERR12319363.1.6381127	5022	1347	1279	1213	1183	0	0	0	604	0	0	rs
ERR12319363.1.6392195	7208	1372	1240	2165	2431	0	0	0	496	0	0	rs
ERR12319363.1.6397719	12452	2973	2900	3240	3339	0	0	0	1148	0	0	rs
ERR12319363.1.6413042	4251	1120	1232	1211	688	0	0	0	464	0	0	rs
ERR12319363.1.6414113	2068	618	575	635	240	0	0	0	254	0	0	rs
ERR12319363.1.6428250	4555	847	1303	1252	1153	0	0	0	530	0	0	rs
ERR12319363.1.6429360	3878	919	1096	1180	683	0	0	0	484	0	0	rs
ERR12319363.1.6429655	8379	2254	1934	2035	2156	0	0	0	798	0	0	rs
ERR12319363.1.6431363	4115	1323	1056	994	742	0	0	0	370	0	0	rs
ERR12319363.1.6437535	4262	883	1247	1223	909	0	0	0	576	0	0	rs
ERR12319363.1.6438708	4164	878	1198	1207	881	0	0	0	574	0	0	rs
ERR12319363.1.6439995	8347	1757	2226	2302	2062	0	0	0	1094	0	0	rs
ERR12319363.1.6450185	1990	331	563	598	498	0	0	0	264	0	0	rs
ERR12319363.1.6455609	10353	2576	2659	2684	2434	0	0	0	1070	0	0	rs
ERR12319363.1.6457578	10254	2480	2570	2331	2873	0	0	0	810	0	0	rs
ERR12319363.1.6463236	8717	2472	2074	2301	1870	0	0	0	832	0	0	rs
ERR12319363.1.6470004	4482	1159	947	1078	1298	0	0	0	312	0	0	rs
ERR12319363.1.6472719	13336	3134	3285	3394	3523	0	0	0	1144	0	0	rs
ERR12319363.1.6475223	12963	3717	3036	3094	3116	0	0	0	1100	0	0	rs
ERR12319363.1.6479442	4715	1041	1262	1295	1117	0	0	0	582	0	0	rs
ERR12319363.1.6505745	5535	1138	1502	1441	1454	0	0	0	498	0	0	rs
ERR12319363.1.6508618	4136	1015	1198	1238	685	0	0	0	538	0	0	rs
ERR12319363.1.6510024	7414	2317	1274	1231	2592	0	0	0	220	0	0	rs
ERR12319363.1.6512296	2929	554	868	816	691	0	0	0	348	0	0	rs
ERR12319363.1.6512976	5521	1366	1500	1573	1082	0	0	0	584	0	0	rs
ERR12319363.1.6515204	3555	835	1053	1058	609	0	0	0	526	0	0	rs
ERR12319363.1.6518016	1304	173	410	381	340	0	0	0	216	0	0	rs
ERR12319363.1.6538896	3365	451	998	951	965	0	0	0	404	0	0	rs
ERR12319363.1.6546562	3695	997	909	1024	765	0	0	0	282	0	0	rs
ERR12319363.1.6557297	5584	1462	1406	1472	1244	0	0	0	634	0	0	rs
ERR12319363.1.6561866	9846	2818	2335	2321	2372	0	0	0	906	0	0	rs
ERR12319363.1.6563639	3004	475	896	779	854	0	0	0	216	0	0	rs
ERR12319363.1.6566660	8533	1855	2144	2295	2239	0	0	0	1068	0	0	rs
ERR12319363.1.6567232	6627	1939	1536	1470	1682	0	0	0	442	0	0	rs
ERR12319363.1.6570093	10523	2920	2740	2424	2439	0	0	0	1048	0	0	rs
ERR12319363.1.6573395	3754	901	1075	1133	645	0	0	0	514	0	0	rs
ERR12319363.1.6576431	4293	1069	1060	1091	1073	0	0	0	448	0	0	rs
ERR12319363.1.6595906	3833	915	1090	1111	717	0	0	0	468	0	0	rs
ERR12319363.1.6602138	3278	747	964	929	638	0	0	0	376	0	0	rs
ERR12319363.1.6614958	9475	3341	1524	1828	2782	0	0	0	452	0	0	rs
ERR12319363.1.6615513	7371	1716	1760	1971	1924	0	0	0	708	0	0	rs
ERR12319363.1.6618199	3021	421	917	815	868	0	0	0	324	0	0	rs
ERR12319363.1.6640889	2461	458	713	731	559	0	0	0	336	0	0	rs
ERR12319363.1.6672604	3241	480	926	953	882	0	0	0	386	0	0	rs
ERR12319363.1.6675199	3807	977	1109	1142	579	0	0	0	506	0	0	rs
ERR12319363.1.6685784	3683	646	1123	996	918	0	0	0	414	0	0	rs
ERR12319363.1.6692623	6714	1617	1744	1792	1561	0	0	0	590	0	0	rs
ERR12319363.1.6700490	4272	1101	1261	1236	674	0	0	0	556	0	0	rs
ERR12319363.1.6715939	5239	1062	1468	1395	1314	0	0	0	598	0	0	rs
ERR12319363.1.6729101	6337	1461	1651	1578	1647	0	0	0	644	0	0	rs
ERR12319363.1.6745749	3911	605	1155	1035	1116	0	0	0	370	0	0	rs
ERR12319363.1.6746316	2195	413	674	598	510	0	0	0	280	0	0	rs
ERR12319363.1.6759098	10135	2903	2531	2220	2481	0	0	0	928	0	0	rs
ERR12319363.1.6762573	17431	3840	4284	4452	4855	0	0	0	1686	0	0	rs
ERR12319363.1.6784199	18278	4634	4378	4576	4690	0	0	0	1758	0	0	rs
ERR12319363.1.6787000	4849	1353	1202	1401	893	0	0	0	524	0	0	rs
ERR12319363.1.6793035	3380	485	1003	940	952	0	0	0	406	0	0	rs
ERR12319363.1.6797737	3818	699	1125	1092	902	0	0	0	500	0	0	rs
ERR12319363.1.6800289	14690	3772	3599	3405	3914	0	0	0	1470	0	0	rs
ERR12319363.1.6804961	8853	2448	2140	2459	1806	0	0	0	782	0	0	rs
ERR12319363.1.6821883	4147	668	1254	1165	1060	0	0	0	510	0	0	rs
ERR12319363.1.6830114	3010	689	784	729	808	0	0	0	330	0	0	rs
ERR12319363.1.6830973	18445	5149	4266	4661	4369	0	0	0	1750	0	0	rs
ERR12319363.1.6849433	3043	485	887	847	824	0	0	0	292	0	0	rs
ERR12319363.1.6853165	10001	2490	2293	2409	2809	0	0	0	962	0	0	rs
ERR12319363.1.6858108	4157	1007	1229	1182	739	0	0	0	568	0	0	rs
ERR12319363.1.6859598	9058	2372	2126	2136	2424	0	0	0	790	0	0	rs
ERR12319363.1.6867523	8181	1630	2096	2126	2329	0	0	0	790	0	0	rs
ERR12319363.1.6868317	12644	3253	3236	3195	2960	0	0	0	1400	0	0	rs
ERR12319363.1.6886955	6612	1345	1767	1718	1782	0	0	0	686	0	0	rs
ERR12319363.1.6908152	4105	647	1221	1139	1098	0	0	0	436	0	0	rs
ERR12319363.1.6909200	2495	372	743	710	670	0	0	0	314	0	0	rs
ERR12319363.1.6910464	4303	1004	1256	1224	819	0	0	0	612	0	0	rs
ERR12319363.1.6910619	3210	767	881	893	669	0	0	0	392	0	0	rs
ERR12319363.1.6919455	7196	1376	2015	1893	1912	0	0	0	754	0	0	rs
ERR12319363.1.6934515	10864	2809	2653	2637	2765	0	0	0	1070	0	0	rs
